event_id,timestamp,account_id,amount,currency,event_type,reference
1,1427155200,BERKA-1,100.00,CZK,C|CIC,trans=1;balance=100.00
2,1428883200,BERKA-1,367.90,CZK,C|COB,trans=5;balance=467.90;bank=AB;counterparty=41403269
3,1431475200,BERKA-1,367.90,CZK,C|COB,trans=6;balance=2097.72;bank=AB;counterparty=41403269
4,1434153600,BERKA-1,367.90,CZK,C|COB,trans=7;balance=2683.52;bank=AB;counterparty=41403269
5,1436745600,BERKA-1,367.90,CZK,C|COB,trans=8;balance=3041.48;bank=AB;counterparty=41403269
6,1439424000,BERKA-1,367.90,CZK,C|COB,trans=9;balance=2890.27;bank=AB;counterparty=41403269
7,1442102400,BERKA-1,367.90,CZK,C|COB,trans=10;balance=2271.43;bank=AB;counterparty=41403269
8,1444694400,BERKA-1,367.90,CZK,C|COB,trans=11;balance=2331.82;bank=AB;counterparty=41403269
9,1447372800,BERKA-1,367.90,CZK,C|COB,trans=12;balance=2172.11;bank=AB;counterparty=41403269
10,1449964800,BERKA-1,367.90,CZK,C|COB,trans=13;balance=2024.86;bank=AB;counterparty=41403269
11,1452643200,BERKA-1,367.90,CZK,C|COB,trans=14;balance=1787.00;bank=AB;counterparty=41403269
12,1455321600,BERKA-1,367.90,CZK,C|COB,trans=15;balance=1480.65;bank=AB;counterparty=41403269
13,1457827200,BERKA-1,367.90,CZK,C|COB,trans=16;balance=1617.86;bank=AB;counterparty=41403269
14,1460505600,BERKA-1,367.90,CZK,C|COB,trans=17;balance=1765.68;bank=AB;counterparty=41403269
15,1463097600,BERKA-1,367.90,CZK,C|COB,trans=18;balance=1693.67;bank=AB;counterparty=41403269
16,1465776000,BERKA-1,367.90,CZK,C|COB,trans=19;balance=1565.24;bank=AB;counterparty=41403269
17,1468368000,BERKA-1,367.90,CZK,C|COB,trans=20;balance=1797.04;bank=AB;counterparty=41403269
18,1471046400,BERKA-1,367.90,CZK,C|COB,trans=21;balance=1812.55;bank=AB;counterparty=41403269
19,1473724800,BERKA-1,367.90,CZK,C|COB,trans=22;balance=2040.37;bank=AB;counterparty=41403269
20,1476316800,BERKA-1,367.90,CZK,C|COB,trans=23;balance=1999.48;bank=AB;counterparty=41403269
21,1478995200,BERKA-1,367.90,CZK,C|COB,trans=24;balance=1801.05;bank=AB;counterparty=41403269
22,1481587200,BERKA-1,367.90,CZK,C|COB,trans=25;balance=1649.53;bank=AB;counterparty=41403269
23,1484265600,BERKA-1,367.90,CZK,C|COB,trans=26;balance=1508.69;bank=AB;counterparty=41403269
24,1486944000,BERKA-1,367.90,CZK,C|COB,trans=27;balance=1574.47;bank=AB;counterparty=41403269
25,1489363200,BERKA-1,367.90,CZK,C|COB,trans=28;balance=1581.53;bank=AB;counterparty=41403269
26,1492041600,BERKA-1,367.90,CZK,C|COB,trans=29;balance=1247.96;bank=AB;counterparty=41403269
27,1494633600,BERKA-1,367.90,CZK,C|COB,trans=30;balance=1374.16;bank=AB;counterparty=41403269
28,1497312000,BERKA-1,367.90,CZK,C|COB,trans=31;balance=1383.81;bank=AB;counterparty=41403269
29,1499904000,BERKA-1,367.90,CZK,C|COB,trans=32;balance=1660.57;bank=AB;counterparty=41403269
30,1502582400,BERKA-1,367.90,CZK,C|COB,trans=33;balance=1668.22;bank=AB;counterparty=41403269
31,1505260800,BERKA-1,367.90,CZK,C|COB,trans=34;balance=1670.17;bank=AB;counterparty=41403269
32,1507852800,BERKA-1,367.90,CZK,C|COB,trans=35;balance=1797.90;bank=AB;counterparty=41403269
33,1510531200,BERKA-1,367.90,CZK,C|COB,trans=36;balance=1816.38;bank=AB;counterparty=41403269
34,1513123200,BERKA-1,367.90,CZK,C|COB,trans=37;balance=1474.87;bank=AB;counterparty=41403269
35,1515801600,BERKA-1,367.90,CZK,C|COB,trans=38;balance=1535.27;bank=AB;counterparty=41403269
36,1518480000,BERKA-1,367.90,CZK,C|COB,trans=39;balance=1490.10;bank=AB;counterparty=41403269
37,1520899200,BERKA-1,367.90,CZK,C|COB,trans=40;balance=1616.96;bank=AB;counterparty=41403269
38,1523577600,BERKA-1,367.90,CZK,C|COB,trans=41;balance=1558.51;bank=AB;counterparty=41403269
39,1526169600,BERKA-1,367.90,CZK,C|COB,trans=42;balance=1667.74;bank=AB;counterparty=41403269
40,1528848000,BERKA-1,367.90,CZK,C|COB,trans=43;balance=1795.65;bank=AB;counterparty=41403269
41,1531440000,BERKA-1,367.90,CZK,C|COB,trans=44;balance=1879.04;bank=AB;counterparty=41403269
42,1534118400,BERKA-1,367.90,CZK,C|COB,trans=45;balance=1980.82;bank=AB;counterparty=41403269
43,1536796800,BERKA-1,367.90,CZK,C|COB,trans=46;balance=1459.78;bank=AB;counterparty=41403269
44,1539388800,BERKA-1,367.90,CZK,C|COB,trans=47;balance=1586.89;bank=AB;counterparty=41403269
45,1542067200,BERKA-1,367.90,CZK,C|COB,trans=48;balance=1714.44;bank=AB;counterparty=41403269
46,1544659200,BERKA-1,367.90,CZK,C|COB,trans=49;balance=1341.39;bank=AB;counterparty=41403269
47,1441411200,BERKA-1,-245.20,CZK,D|ROB|HH,trans=58;balance=1903.53;bank=YZ;counterparty=87144583
48,1444003200,BERKA-1,-245.20,CZK,D|ROB|HH,trans=59;balance=1963.92;bank=YZ;counterparty=87144583
49,1446681600,BERKA-1,-245.20,CZK,D|ROB|HH,trans=60;balance=1804.21;bank=YZ;counterparty=87144583
50,1449273600,BERKA-1,-245.20,CZK,D|ROB|HH,trans=61;balance=1656.96;bank=YZ;counterparty=87144583
51,1451952000,BERKA-1,-245.20,CZK,D|ROB|HH,trans=62;balance=1551.10;bank=YZ;counterparty=87144583
52,1454630400,BERKA-1,-245.20,CZK,D|ROB|HH,trans=63;balance=1112.75;bank=YZ;counterparty=87144583
53,1457136000,BERKA-1,-245.20,CZK,D|ROB|HH,trans=64;balance=1249.96;bank=YZ;counterparty=87144583
54,1459814400,BERKA-1,-245.20,CZK,D|ROB|HH,trans=65;balance=1397.78;bank=YZ;counterparty=87144583
55,1462406400,BERKA-1,-245.20,CZK,D|ROB|HH,trans=66;balance=1325.77;bank=YZ;counterparty=87144583
56,1465084800,BERKA-1,-245.20,CZK,D|ROB|HH,trans=67;balance=1197.34;bank=YZ;counterparty=87144583
57,1467676800,BERKA-1,-245.20,CZK,D|ROB|HH,trans=68;balance=1429.14;bank=YZ;counterparty=87144583
58,1470355200,BERKA-1,-245.20,CZK,D|ROB|HH,trans=69;balance=1444.65;bank=YZ;counterparty=87144583
59,1473033600,BERKA-1,-245.20,CZK,D|ROB|HH,trans=70;balance=1672.47;bank=YZ;counterparty=87144583
60,1475625600,BERKA-1,-245.20,CZK,D|ROB|HH,trans=71;balance=1631.58;bank=YZ;counterparty=87144583
61,1478304000,BERKA-1,-245.20,CZK,D|ROB|HH,trans=72;balance=1433.15;bank=YZ;counterparty=87144583
62,1480896000,BERKA-1,-245.20,CZK,D|ROB|HH,trans=73;balance=1281.63;bank=YZ;counterparty=87144583
63,1483574400,BERKA-1,-245.20,CZK,D|ROB|HH,trans=74;balance=1020.79;bank=YZ;counterparty=87144583
64,1486252800,BERKA-1,-245.20,CZK,D|ROB|HH,trans=75;balance=1036.57;bank=YZ;counterparty=87144583
65,1488672000,BERKA-1,-245.20,CZK,D|ROB|HH,trans=76;balance=1213.63;bank=YZ;counterparty=87144583
66,1491350400,BERKA-1,-245.20,CZK,D|ROB|HH,trans=77;balance=880.06;bank=YZ;counterparty=87144583
67,1493942400,BERKA-1,-245.20,CZK,D|ROB|HH,trans=78;balance=1006.26;bank=YZ;counterparty=87144583
68,1496620800,BERKA-1,-245.20,CZK,D|ROB|HH,trans=79;balance=1015.91;bank=YZ;counterparty=87144583
69,1499212800,BERKA-1,-245.20,CZK,D|ROB|HH,trans=80;balance=1142.67;bank=YZ;counterparty=87144583
70,1501891200,BERKA-1,-245.20,CZK,D|ROB|HH,trans=81;balance=1420.32;bank=YZ;counterparty=87144583
71,1504569600,BERKA-1,-245.20,CZK,D|ROB|HH,trans=82;balance=1341.27;bank=YZ;counterparty=87144583
72,1507161600,BERKA-1,-245.20,CZK,D|ROB|HH,trans=83;balance=1430.00;bank=YZ;counterparty=87144583
73,1509840000,BERKA-1,-245.20,CZK,D|ROB|HH,trans=84;balance=1558.48;bank=YZ;counterparty=87144583
74,1512432000,BERKA-1,-245.20,CZK,D|ROB|HH,trans=85;balance=1576.97;bank=YZ;counterparty=87144583
75,1515110400,BERKA-1,-245.20,CZK,D|ROB|HH,trans=86;balance=1177.37;bank=YZ;counterparty=87144583
76,1517788800,BERKA-1,-245.20,CZK,D|ROB|HH,trans=87;balance=1072.20;bank=YZ;counterparty=87144583
77,1520208000,BERKA-1,-245.20,CZK,D|ROB|HH,trans=88;balance=1249.06;bank=YZ;counterparty=87144583
78,1522886400,BERKA-1,-245.20,CZK,D|ROB|HH,trans=89;balance=1190.61;bank=YZ;counterparty=87144583
79,1525478400,BERKA-1,-245.20,CZK,D|ROB|HH,trans=90;balance=1299.84;bank=YZ;counterparty=87144583
80,1528156800,BERKA-1,-245.20,CZK,D|ROB|HH,trans=91;balance=1427.75;bank=YZ;counterparty=87144583
81,1530748800,BERKA-1,-245.20,CZK,D|ROB|HH,trans=92;balance=1511.14;bank=YZ;counterparty=87144583
82,1533427200,BERKA-1,-245.20,CZK,D|ROB|HH,trans=93;balance=1612.92;bank=YZ;counterparty=87144583
83,1536105600,BERKA-1,-245.20,CZK,D|ROB|HH,trans=94;balance=1091.88;bank=YZ;counterparty=87144583
84,1538697600,BERKA-1,-245.20,CZK,D|ROB|HH,trans=95;balance=1218.99;bank=YZ;counterparty=87144583
85,1541376000,BERKA-1,-245.20,CZK,D|ROB|HH,trans=96;balance=1346.54;bank=YZ;counterparty=87144583
86,1543968000,BERKA-1,-245.20,CZK,D|ROB|HH,trans=97;balance=973.49;bank=YZ;counterparty=87144583
87,1450915200,BERKA-1,-54.00,CZK,D|WIC,trans=98;balance=1810.86
88,1482019200,BERKA-1,-18.00,CZK,D|WIC,trans=99;balance=1261.53
89,1453334400,BERKA-1,-87.00,CZK,D|WIC,trans=108;balance=1395.00
90,1453075200,BERKA-1,-15.00,CZK,D|WIC,trans=109;balance=1482.00
91,1451865600,BERKA-1,-21.00,CZK,D|WIC,trans=110;balance=1796.30
92,1452297600,BERKA-1,-72.00,CZK,D|WIC,trans=111;balance=1461.10
93,1452297600,BERKA-1,-18.00,CZK,D|WIC,trans=112;balance=1533.10
94,1452384000,BERKA-1,-42.00,CZK,D|WIC,trans=113;balance=1419.10
95,1485734400,BERKA-1,-84.00,CZK,D|WIC,trans=114;balance=1277.69
96,1484265600,BERKA-1,-63.00,CZK,D|WIC,trans=117;balance=1445.69
97,1485043200,BERKA-1,-45.00,CZK,D|WIC,trans=118;balance=1361.69
98,1484784000,BERKA-1,-39.00,CZK,D|WIC,trans=119;balance=1406.69
99,1514937600,BERKA-1,-57.00,CZK,D|WIC,trans=121;balance=1422.57
100,1517097600,BERKA-1,-48.00,CZK,D|WIC,trans=122;balance=1313.27
101,1516752000,BERKA-1,-33.00,CZK,D|WIC,trans=123;balance=1361.27
102,1516320000,BERKA-1,-81.00,CZK,D|WIC,trans=125;balance=1394.27
103,1448841600,BERKA-1,-87.00,CZK,D|WIC,trans=127;balance=1903.62
104,1463097600,BERKA-1,-66.00,CZK,D|WIC,trans=131;balance=1627.67
105,1466553600,BERKA-1,-36.00,CZK,D|WIC,trans=132;balance=1669.24
106,1468627200,BERKA-1,-99.00,CZK,D|WIC,trans=133;balance=1798.04
107,1472169600,BERKA-1,-141.00,CZK,D|WIC,trans=134;balance=1911.55
108,1476316800,BERKA-1,-27.00,CZK,D|WIC,trans=135;balance=1972.48
109,1470355200,BERKA-1,-114.00,CZK,D|WIC,trans=136;balance=1689.85
110,1453852800,BERKA-1,-42.00,CZK,D|WIC,trans=137;balance=1353.00
111,1487203200,BERKA-1,-57.00,CZK,D|WIC,trans=138;balance=1517.47
112,1503878400,BERKA-1,-87.00,CZK,D|WIC,trans=139;balance=1581.22
113,1504569600,BERKA-1,-39.00,CZK,D|WIC,trans=140;balance=1302.27
114,1487894400,BERKA-1,-63.00,CZK,D|WIC,trans=141;balance=1454.47
115,1495843200,BERKA-1,-117.00,CZK,D|WIC,trans=142;balance=1257.16
116,1521244800,BERKA-1,-81.00,CZK,D|WIC,trans=143;balance=1535.96
117,1533254400,BERKA-1,-27.00,CZK,D|WIC,trans=144;balance=1858.12
118,1542153600,BERKA-1,-51.00,CZK,D|WIC,trans=146;balance=1663.44
119,1522800000,BERKA-1,-105.00,CZK,D|WIC,trans=147;balance=1435.81
120,1524873600,BERKA-1,-18.00,CZK,D|WIC,trans=148;balance=1540.51
121,1529798400,BERKA-1,-45.00,CZK,D|WIC,trans=149;balance=1750.65
122,1516147200,BERKA-1,-60.00,CZK,D|WIC,trans=150;balance=1475.27
123,1440979200,BERKA-1,-1.46,CZK,D|WIC|ST,trans=159;balance=2148.73
124,1443571200,BERKA-1,-1.46,CZK,D|WIC|ST,trans=160;balance=2209.12
125,1446249600,BERKA-1,-1.46,CZK,D|WIC|ST,trans=161;balance=2049.41
126,1448841600,BERKA-1,-1.46,CZK,D|WIC|ST,trans=162;balance=1902.16
127,1451520000,BERKA-1,-1.46,CZK,D|WIC|ST,trans=163;balance=1817.30
128,1454198400,BERKA-1,-1.46,CZK,D|WIC|ST,trans=164;balance=1357.95
129,1456704000,BERKA-1,-1.46,CZK,D|WIC|ST,trans=165;balance=1495.16
130,1459382400,BERKA-1,-1.46,CZK,D|WIC|ST,trans=166;balance=1642.98
131,1461974400,BERKA-1,-1.46,CZK,D|WIC|ST,trans=167;balance=1570.97
132,1464652800,BERKA-1,-1.46,CZK,D|WIC|ST,trans=168;balance=1442.54
133,1467244800,BERKA-1,-1.46,CZK,D|WIC|ST,trans=169;balance=1674.34
134,1469923200,BERKA-1,-1.46,CZK,D|WIC|ST,trans=170;balance=1803.85
135,1472601600,BERKA-1,-1.46,CZK,D|WIC|ST,trans=171;balance=1917.67
136,1475193600,BERKA-1,-1.46,CZK,D|WIC|ST,trans=172;balance=1876.78
137,1477872000,BERKA-1,-1.46,CZK,D|WIC|ST,trans=173;balance=1678.35
138,1480464000,BERKA-1,-1.46,CZK,D|WIC|ST,trans=174;balance=1526.83
139,1483142400,BERKA-1,-1.46,CZK,D|WIC|ST,trans=175;balance=1265.99
140,1485820800,BERKA-1,-1.46,CZK,D|WIC|ST,trans=176;balance=1281.77
141,1488240000,BERKA-1,-1.46,CZK,D|WIC|ST,trans=177;balance=1458.83
142,1490918400,BERKA-1,-1.46,CZK,D|WIC|ST,trans=178;balance=1125.26
143,1493510400,BERKA-1,-1.46,CZK,D|WIC|ST,trans=179;balance=1251.46
144,1496188800,BERKA-1,-1.46,CZK,D|WIC|ST,trans=180;balance=1261.11
145,1498780800,BERKA-1,-1.46,CZK,D|WIC|ST,trans=181;balance=1387.87
146,1501459200,BERKA-1,-1.46,CZK,D|WIC|ST,trans=182;balance=1665.52
147,1504137600,BERKA-1,-1.46,CZK,D|WIC|ST,trans=183;balance=1586.47
148,1506729600,BERKA-1,-1.46,CZK,D|WIC|ST,trans=184;balance=1675.20
149,1509408000,BERKA-1,-1.46,CZK,D|WIC|ST,trans=185;balance=1803.68
150,1512000000,BERKA-1,-1.46,CZK,D|WIC|ST,trans=186;balance=1822.17
151,1514678400,BERKA-1,-1.46,CZK,D|WIC|ST,trans=187;balance=1479.57
152,1517356800,BERKA-1,-1.46,CZK,D|WIC|ST,trans=188;balance=1317.40
153,1519776000,BERKA-1,-1.46,CZK,D|WIC|ST,trans=189;balance=1494.26
154,1522454400,BERKA-1,-1.46,CZK,D|WIC|ST,trans=190;balance=1540.81
155,1525046400,BERKA-1,-1.46,CZK,D|WIC|ST,trans=191;balance=1545.04
156,1527724800,BERKA-1,-1.46,CZK,D|WIC|ST,trans=192;balance=1672.95
157,1530316800,BERKA-1,-1.46,CZK,D|WIC|ST,trans=193;balance=1756.34
158,1532995200,BERKA-1,-1.46,CZK,D|WIC|ST,trans=194;balance=1885.12
159,1535673600,BERKA-1,-1.46,CZK,D|WIC|ST,trans=195;balance=1987.08
160,1538265600,BERKA-1,-1.46,CZK,D|WIC|ST,trans=196;balance=1464.19
161,1540944000,BERKA-1,-1.46,CZK,D|WIC|ST,trans=197;balance=1591.74
162,1543536000,BERKA-1,-1.46,CZK,D|WIC|ST,trans=198;balance=1668.69
163,1429747200,BERKA-1,1260.00,CZK,C|CIC,trans=199;balance=1727.90
164,1432339200,BERKA-1,210.00,CZK,C|CIC,trans=200;balance=2307.72
165,1434931200,BERKA-1,-20.00,CZK,D|WIC,trans=201;balance=2663.52
166,1437523200,BERKA-1,-530.00,CZK,D|WIC,trans=202;balance=2511.48
167,1440115200,BERKA-1,-750.00,CZK,D|WIC,trans=203;balance=2140.27
168,1442707200,BERKA-1,-70.00,CZK,D|WIC,trans=204;balance=2201.43
169,1445299200,BERKA-1,-290.00,CZK,D|WIC,trans=205;balance=2041.82
170,1447891200,BERKA-1,-190.00,CZK,D|WIC,trans=206;balance=1982.11
171,1450483200,BERKA-1,-160.00,CZK,D|WIC,trans=207;balance=1864.86
172,1453075200,BERKA-1,-290.00,CZK,D|WIC,trans=208;balance=1497.00
173,1455667200,BERKA-1,10.00,CZK,C|CIC,trans=209;balance=1490.65
174,1458259200,BERKA-1,20.00,CZK,C|CIC,trans=210;balance=1637.86
175,1460851200,BERKA-1,-200.00,CZK,D|WIC,trans=211;balance=1565.68
176,1463443200,BERKA-1,-190.00,CZK,D|WIC,trans=212;balance=1437.67
177,1466035200,BERKA-1,140.00,CZK,C|CIC,trans=213;balance=1705.24
178,1468627200,BERKA-1,100.00,CZK,C|CIC,trans=214;balance=1897.04
179,1471219200,BERKA-1,240.00,CZK,C|CIC,trans=215;balance=2052.55
180,1473811200,BERKA-1,-170.00,CZK,D|WIC,trans=216;balance=1870.37
181,1476403200,BERKA-1,-300.00,CZK,D|WIC,trans=217;balance=1672.48
182,1478995200,BERKA-1,-280.00,CZK,D|WIC,trans=218;balance=1521.05
183,1481587200,BERKA-1,-370.00,CZK,D|WIC,trans=219;balance=1279.53
184,1484179200,BERKA-1,120.00,CZK,C|CIC,trans=220;balance=1140.79
185,1486771200,BERKA-1,170.00,CZK,C|CIC,trans=221;balance=1206.57
186,1489363200,BERKA-1,-460.00,CZK,D|WIC,trans=222;balance=1121.53
187,1499731200,BERKA-1,150.00,CZK,C|CIC,trans=223;balance=1292.67
188,1502323200,BERKA-1,-120.00,CZK,D|WIC,trans=224;balance=1300.32
189,1510099200,BERKA-1,-110.00,CZK,D|WIC,trans=225;balance=1448.48
190,1512691200,BERKA-1,-470.00,CZK,D|WIC,trans=226;balance=1106.97
191,1515283200,BERKA-1,-10.00,CZK,D|WIC,trans=227;balance=1167.37
192,1517875200,BERKA-1,50.00,CZK,C|CIC,trans=228;balance=1122.20
193,1536019200,BERKA-1,-650.00,CZK,D|WIC,trans=229;balance=1337.08
194,1543795200,BERKA-1,-450.00,CZK,D|WIC,trans=230;balance=1218.69
195,1361836800,BERKA-2,110.00,CZK,C|CIC,trans=276;balance=110.00
196,1363046400,BERKA-2,2023.60,CZK,C|COB,trans=279;balance=2133.60;bank=ST;counterparty=66487163
197,1365724800,BERKA-2,2023.60,CZK,C|COB,trans=280;balance=4528.55;bank=ST;counterparty=66487163
198,1368316800,BERKA-2,2023.60,CZK,C|COB,trans=281;balance=5463.09;bank=ST;counterparty=66487163
199,1370995200,BERKA-2,3035.40,CZK,C|COB,trans=282;balance=6752.96;bank=ST;counterparty=66487163
200,1373587200,BERKA-2,2023.60,CZK,C|COB,trans=283;balance=6232.55;bank=ST;counterparty=66487163
201,1376265600,BERKA-2,2023.60,CZK,C|COB,trans=284;balance=4913.89;bank=ST;counterparty=66487163
202,1378944000,BERKA-2,2023.60,CZK,C|COB,trans=285;balance=3996.18;bank=ST;counterparty=66487163
203,1381536000,BERKA-2,2023.60,CZK,C|COB,trans=286;balance=3074.40;bank=ST;counterparty=66487163
204,1384214400,BERKA-2,2023.60,CZK,C|COB,trans=287;balance=4080.04;bank=ST;counterparty=66487163
205,1386806400,BERKA-2,3035.40,CZK,C|COB,trans=288;balance=4721.29;bank=ST;counterparty=66487163
206,1389484800,BERKA-2,2023.60,CZK,C|COB,trans=289;balance=4081.06;bank=ST;counterparty=66487163
207,1392163200,BERKA-2,2023.60,CZK,C|COB,trans=290;balance=3300.87;bank=ST;counterparty=66487163
208,1394582400,BERKA-2,2023.60,CZK,C|COB,trans=291;balance=3919.96;bank=ST;counterparty=66487163
209,1397260800,BERKA-2,2023.60,CZK,C|COB,trans=292;balance=4401.15;bank=ST;counterparty=66487163
210,1399852800,BERKA-2,2023.60,CZK,C|COB,trans=293;balance=4614.42;bank=ST;counterparty=66487163
211,1402531200,BERKA-2,3035.40,CZK,C|COB,trans=294;balance=4338.14;bank=ST;counterparty=66487163
212,1405123200,BERKA-2,2023.60,CZK,C|COB,trans=295;balance=3869.00;bank=ST;counterparty=66487163
213,1407801600,BERKA-2,2023.60,CZK,C|COB,trans=296;balance=4389.41;bank=ST;counterparty=66487163
214,1410480000,BERKA-2,2023.60,CZK,C|COB,trans=297;balance=4581.95;bank=ST;counterparty=66487163
215,1413072000,BERKA-2,2023.60,CZK,C|COB,trans=298;balance=3870.03;bank=ST;counterparty=66487163
216,1415750400,BERKA-2,2023.60,CZK,C|COB,trans=299;balance=4501.32;bank=ST;counterparty=66487163
217,1418342400,BERKA-2,3035.40,CZK,C|COB,trans=300;balance=5115.22;bank=ST;counterparty=66487163
218,1421020800,BERKA-2,2023.60,CZK,C|COB,trans=301;balance=4588.36;bank=ST;counterparty=66487163
219,1423699200,BERKA-2,2023.60,CZK,C|COB,trans=302;balance=3338.48;bank=ST;counterparty=66487163
220,1426118400,BERKA-2,2023.60,CZK,C|COB,trans=303;balance=4107.76;bank=ST;counterparty=66487163
221,1428796800,BERKA-2,2023.60,CZK,C|COB,trans=304;balance=4659.51;bank=ST;counterparty=66487163
222,1431388800,BERKA-2,2023.60,CZK,C|COB,trans=305;balance=3889.82;bank=ST;counterparty=66487163
223,1434067200,BERKA-2,3035.40,CZK,C|COB,trans=306;balance=4612.11;bank=ST;counterparty=66487163
224,1436659200,BERKA-2,2023.60,CZK,C|COB,trans=307;balance=4957.50;bank=ST;counterparty=66487163
225,1439337600,BERKA-2,2023.60,CZK,C|COB,trans=308;balance=5091.94;bank=ST;counterparty=66487163
226,1442016000,BERKA-2,2023.60,CZK,C|COB,trans=309;balance=3425.19;bank=ST;counterparty=66487163
227,1444608000,BERKA-2,2023.60,CZK,C|COB,trans=310;balance=4234.43;bank=ST;counterparty=66487163
228,1447286400,BERKA-2,2023.60,CZK,C|COB,trans=311;balance=3981.29;bank=ST;counterparty=66487163
229,1449878400,BERKA-2,3035.40,CZK,C|COB,trans=312;balance=5814.69;bank=ST;counterparty=66487163
230,1452556800,BERKA-2,2023.60,CZK,C|COB,trans=313;balance=3699.21;bank=ST;counterparty=66487163
231,1455235200,BERKA-2,2023.60,CZK,C|COB,trans=314;balance=4154.76;bank=ST;counterparty=66487163
232,1457740800,BERKA-2,2023.60,CZK,C|COB,trans=315;balance=5113.84;bank=ST;counterparty=66487163
233,1460419200,BERKA-2,2023.60,CZK,C|COB,trans=316;balance=4798.01;bank=ST;counterparty=66487163
234,1463011200,BERKA-2,2023.60,CZK,C|COB,trans=317;balance=4255.76;bank=ST;counterparty=66487163
235,1465689600,BERKA-2,3035.40,CZK,C|COB,trans=318;balance=5187.98;bank=ST;counterparty=66487163
236,1468281600,BERKA-2,2023.60,CZK,C|COB,trans=319;balance=5960.01;bank=ST;counterparty=66487163
237,1470960000,BERKA-2,2023.60,CZK,C|COB,trans=320;balance=4781.17;bank=ST;counterparty=66487163
238,1473638400,BERKA-2,2023.60,CZK,C|COB,trans=321;balance=5213.50;bank=ST;counterparty=66487163
239,1476230400,BERKA-2,2023.60,CZK,C|COB,trans=322;balance=4890.99;bank=ST;counterparty=66487163
240,1478908800,BERKA-2,2023.60,CZK,C|COB,trans=323;balance=5353.67;bank=ST;counterparty=66487163
241,1481500800,BERKA-2,3035.40,CZK,C|COB,trans=324;balance=6100.20;bank=ST;counterparty=66487163
242,1484179200,BERKA-2,2023.60,CZK,C|COB,trans=325;balance=4706.09;bank=ST;counterparty=66487163
243,1486857600,BERKA-2,2023.60,CZK,C|COB,trans=326;balance=4527.31;bank=ST;counterparty=66487163
244,1489276800,BERKA-2,2023.60,CZK,C|COB,trans=327;balance=5057.94;bank=ST;counterparty=66487163
245,1491955200,BERKA-2,2023.60,CZK,C|COB,trans=328;balance=5638.32;bank=ST;counterparty=66487163
246,1494547200,BERKA-2,2023.60,CZK,C|COB,trans=329;balance=6283.99;bank=ST;counterparty=66487163
247,1497225600,BERKA-2,3035.40,CZK,C|COB,trans=330;balance=6930.20;bank=ST;counterparty=66487163
248,1499817600,BERKA-2,2023.60,CZK,C|COB,trans=331;balance=5061.56;bank=ST;counterparty=66487163
249,1502496000,BERKA-2,2023.60,CZK,C|COB,trans=332;balance=5204.29;bank=ST;counterparty=66487163
250,1505174400,BERKA-2,2023.60,CZK,C|COB,trans=333;balance=5191.56;bank=ST;counterparty=66487163
251,1507766400,BERKA-2,2023.60,CZK,C|COB,trans=334;balance=5526.23;bank=ST;counterparty=66487163
252,1510444800,BERKA-2,2023.60,CZK,C|COB,trans=335;balance=5161.49;bank=ST;counterparty=66487163
253,1513036800,BERKA-2,3035.40,CZK,C|COB,trans=336;balance=6218.29;bank=ST;counterparty=66487163
254,1515715200,BERKA-2,2023.60,CZK,C|COB,trans=337;balance=4534.56;bank=ST;counterparty=66487163
255,1518393600,BERKA-2,2023.60,CZK,C|COB,trans=338;balance=4075.17;bank=ST;counterparty=66487163
256,1520812800,BERKA-2,2023.60,CZK,C|COB,trans=339;balance=4974.64;bank=ST;counterparty=66487163
257,1523491200,BERKA-2,2023.60,CZK,C|COB,trans=340;balance=4382.73;bank=ST;counterparty=66487163
258,1526083200,BERKA-2,2023.60,CZK,C|COB,trans=341;balance=4312.84;bank=ST;counterparty=66487163
259,1528761600,BERKA-2,3035.40,CZK,C|COB,trans=342;balance=5985.57;bank=ST;counterparty=66487163
260,1531353600,BERKA-2,2023.60,CZK,C|COB,trans=343;balance=5951.16;bank=ST;counterparty=66487163
261,1534032000,BERKA-2,2023.60,CZK,C|COB,trans=344;balance=6018.39;bank=ST;counterparty=66487163
262,1536710400,BERKA-2,2023.60,CZK,C|COB,trans=345;balance=5583.57;bank=ST;counterparty=66487163
263,1539302400,BERKA-2,2023.60,CZK,C|COB,trans=346;balance=5378.55;bank=ST;counterparty=66487163
264,1541980800,BERKA-2,2023.60,CZK,C|COB,trans=347;balance=5453.51;bank=ST;counterparty=66487163
265,1544572800,BERKA-2,3035.40,CZK,C|COB,trans=348;balance=5417.13;bank=ST;counterparty=66487163
266,1373500800,BERKA-2,-320.00,CZK,D|WIC,trans=355;balance=4208.95;counterparty=0
267,1375833600,BERKA-2,-290.00,CZK,D|WIC,trans=356;balance=2890.29;counterparty=0
268,1379116800,BERKA-2,-360.00,CZK,D|WIC,trans=357;balance=3636.18;counterparty=0
269,1380758400,BERKA-2,-400.00,CZK,D|WIC,trans=358;balance=1777.40;counterparty=0
270,1384992000,BERKA-2,-380.00,CZK,D|WIC,trans=359;balance=3700.04;counterparty=0
271,1386460800,BERKA-2,-350.00,CZK,D|WIC,trans=360;balance=2105.89;counterparty=0
272,1389484800,BERKA-2,-337.27,CZK,D|ROB|LO,trans=361;balance=3533.79;bank=ST;counterparty=89597016
273,1392163200,BERKA-2,-337.27,CZK,D|ROB|LO,trans=362;balance=2963.60;bank=ST;counterparty=89597016
274,1394582400,BERKA-2,-337.27,CZK,D|ROB|LO,trans=363;balance=3582.69;bank=ST;counterparty=89597016
275,1397260800,BERKA-2,-337.27,CZK,D|ROB|LO,trans=364;balance=4063.89;bank=ST;counterparty=89597016
276,1399852800,BERKA-2,-337.27,CZK,D|ROB|LO,trans=365;balance=4277.15;bank=ST;counterparty=89597016
277,1402531200,BERKA-2,-337.27,CZK,D|ROB|LO,trans=366;balance=4000.88;bank=ST;counterparty=89597016
278,1405123200,BERKA-2,-337.27,CZK,D|ROB|LO,trans=367;balance=3531.73;bank=ST;counterparty=89597016
279,1407801600,BERKA-2,-337.27,CZK,D|ROB|LO,trans=368;balance=4052.15;bank=ST;counterparty=89597016
280,1410480000,BERKA-2,-337.27,CZK,D|ROB|LO,trans=369;balance=4244.69;bank=ST;counterparty=89597016
281,1413072000,BERKA-2,-337.27,CZK,D|ROB|LO,trans=370;balance=3532.76;bank=ST;counterparty=89597016
282,1415750400,BERKA-2,-337.27,CZK,D|ROB|LO,trans=371;balance=4164.06;bank=ST;counterparty=89597016
283,1418342400,BERKA-2,-337.27,CZK,D|ROB|LO,trans=372;balance=4777.95;bank=ST;counterparty=89597016
284,1421020800,BERKA-2,-337.27,CZK,D|ROB|LO,trans=373;balance=3621.10;bank=ST;counterparty=89597016
285,1423699200,BERKA-2,-337.27,CZK,D|ROB|LO,trans=374;balance=3001.21;bank=ST;counterparty=89597016
286,1426118400,BERKA-2,-337.27,CZK,D|ROB|LO,trans=375;balance=3770.49;bank=ST;counterparty=89597016
287,1428796800,BERKA-2,-337.27,CZK,D|ROB|LO,trans=376;balance=4322.24;bank=ST;counterparty=89597016
288,1431388800,BERKA-2,-337.27,CZK,D|ROB|LO,trans=377;balance=3552.55;bank=ST;counterparty=89597016
289,1434067200,BERKA-2,-337.27,CZK,D|ROB|LO,trans=378;balance=4274.85;bank=ST;counterparty=89597016
290,1436659200,BERKA-2,-337.27,CZK,D|ROB|LO,trans=379;balance=4620.23;bank=ST;counterparty=89597016
291,1439337600,BERKA-2,-337.27,CZK,D|ROB|LO,trans=380;balance=4754.67;bank=ST;counterparty=89597016
292,1442016000,BERKA-2,-337.27,CZK,D|ROB|LO,trans=381;balance=3087.92;bank=ST;counterparty=89597016
293,1444608000,BERKA-2,-337.27,CZK,D|ROB|LO,trans=382;balance=3897.17;bank=ST;counterparty=89597016
294,1447286400,BERKA-2,-337.27,CZK,D|ROB|LO,trans=383;balance=3644.02;bank=ST;counterparty=89597016
295,1449878400,BERKA-2,-337.27,CZK,D|ROB|LO,trans=384;balance=5477.42;bank=ST;counterparty=89597016
296,1453420800,BERKA-2,-470.00,CZK,D|WIC,trans=385;balance=2269.21;counterparty=0
297,1455580800,BERKA-2,-350.00,CZK,D|WIC,trans=386;balance=3804.76;counterparty=0
298,1459123200,BERKA-2,-220.00,CZK,D|WIC,trans=387;balance=3853.84;counterparty=0
299,1461628800,BERKA-2,-250.00,CZK,D|WIC,trans=388;balance=2273.51;counterparty=0
300,1463443200,BERKA-2,-310.00,CZK,D|WIC,trans=389;balance=3255.76;counterparty=0
301,1464912000,BERKA-2,-290.00,CZK,D|WIC,trans=390;balance=2129.18;counterparty=0
302,1468800000,BERKA-2,-300.00,CZK,D|WIC,trans=391;balance=5660.01;counterparty=0
303,1471046400,BERKA-2,-320.00,CZK,D|WIC,trans=392;balance=4461.17;counterparty=0
304,1473552000,BERKA-2,-280.00,CZK,D|WIC,trans=393;balance=3189.90;counterparty=0
305,1477094400,BERKA-2,-350.00,CZK,D|WIC,trans=394;balance=4540.99;counterparty=0
306,1478563200,BERKA-2,-310.00,CZK,D|WIC,trans=395;balance=3330.07;counterparty=0
307,1480809600,BERKA-2,-360.00,CZK,D|WIC,trans=396;balance=4591.40;counterparty=0
308,1485216000,BERKA-2,-210.00,CZK,D|WIC,trans=397;balance=2966.09;counterparty=0
309,1486944000,BERKA-2,-200.00,CZK,D|WIC,trans=398;balance=4327.31;counterparty=0
310,1488153600,BERKA-2,-440.00,CZK,D|WIC,trans=399;balance=3887.31;counterparty=0
311,1492214400,BERKA-2,-310.00,CZK,D|WIC,trans=400;balance=5328.32;counterparty=0
312,1494806400,BERKA-2,-310.00,CZK,D|WIC,trans=401;balance=5973.99;counterparty=0
313,1496275200,BERKA-2,-340.00,CZK,D|WIC,trans=402;balance=5381.40;counterparty=0
314,1500336000,BERKA-2,-260.00,CZK,D|WIC,trans=403;balance=4801.56;counterparty=0
315,1502668800,BERKA-2,-330.00,CZK,D|WIC,trans=404;balance=4874.29;counterparty=0
316,1504915200,BERKA-2,-390.00,CZK,D|WIC,trans=405;balance=3167.96;counterparty=0
317,1507939200,BERKA-2,-380.00,CZK,D|WIC,trans=406;balance=5146.23;counterparty=0
318,1510358400,BERKA-2,-310.00,CZK,D|WIC,trans=407;balance=3137.89;counterparty=0
319,1513814400,BERKA-2,-280.00,CZK,D|WIC,trans=408;balance=5368.29;counterparty=0
320,1515196800,BERKA-2,-320.00,CZK,D|WIC,trans=409;balance=3320.96;counterparty=0
321,1517616000,BERKA-2,-400.00,CZK,D|WIC,trans=410;balance=2778.17;counterparty=0
322,1521763200,BERKA-2,-270.00,CZK,D|WIC,trans=411;balance=2892.74;counterparty=0
323,1524268800,BERKA-2,-340.00,CZK,D|WIC,trans=412;balance=4042.73;counterparty=0
324,1525478400,BERKA-2,-360.00,CZK,D|WIC,trans=413;balance=3015.84;counterparty=0
325,1529020800,BERKA-2,-350.00,CZK,D|WIC,trans=414;balance=5635.57;counterparty=0
326,1530835200,BERKA-2,-200.00,CZK,D|WIC,trans=415;balance=3927.56;counterparty=0
327,1533859200,BERKA-2,-310.00,CZK,D|WIC,trans=416;balance=3994.79;counterparty=0
328,1537056000,BERKA-2,-480.00,CZK,D|WIC,trans=417;balance=5103.57;counterparty=0
329,1538956800,BERKA-2,-320.00,CZK,D|WIC,trans=418;balance=3354.95;counterparty=0
330,1542067200,BERKA-2,-220.00,CZK,D|WIC,trans=419;balance=5233.51;counterparty=0
331,1544140800,BERKA-2,-370.00,CZK,D|WIC,trans=420;balance=2381.73;counterparty=0
332,1375660800,BERKA-2,-726.60,CZK,D|ROB|HH,trans=428;balance=3180.29;bank=QR;counterparty=13943797
333,1378339200,BERKA-2,-726.60,CZK,D|ROB|HH,trans=429;balance=1972.58;bank=QR;counterparty=13943797
334,1380931200,BERKA-2,-726.60,CZK,D|ROB|HH,trans=430;balance=1050.80;bank=QR;counterparty=13943797
335,1383609600,BERKA-2,-726.60,CZK,D|ROB|HH,trans=431;balance=2056.44;bank=QR;counterparty=13943797
336,1386201600,BERKA-2,-726.60,CZK,D|ROB|HH,trans=432;balance=2455.89;bank=QR;counterparty=13943797
337,1388880000,BERKA-2,-726.60,CZK,D|ROB|HH,trans=433;balance=2057.46;bank=QR;counterparty=13943797
338,1391558400,BERKA-2,-726.60,CZK,D|ROB|HH,trans=434;balance=1277.27;bank=QR;counterparty=13943797
339,1393977600,BERKA-2,-726.60,CZK,D|ROB|HH,trans=435;balance=1896.36;bank=QR;counterparty=13943797
340,1396656000,BERKA-2,-726.60,CZK,D|ROB|HH,trans=436;balance=2377.55;bank=QR;counterparty=13943797
341,1399248000,BERKA-2,-726.60,CZK,D|ROB|HH,trans=437;balance=2590.82;bank=QR;counterparty=13943797
342,1401926400,BERKA-2,-726.60,CZK,D|ROB|HH,trans=438;balance=1302.74;bank=QR;counterparty=13943797
343,1404518400,BERKA-2,-726.60,CZK,D|ROB|HH,trans=439;balance=1845.40;bank=QR;counterparty=13943797
344,1407196800,BERKA-2,-726.60,CZK,D|ROB|HH,trans=440;balance=2365.81;bank=QR;counterparty=13943797
345,1409875200,BERKA-2,-726.60,CZK,D|ROB|HH,trans=441;balance=2558.35;bank=QR;counterparty=13943797
346,1412467200,BERKA-2,-726.60,CZK,D|ROB|HH,trans=442;balance=1846.43;bank=QR;counterparty=13943797
347,1415145600,BERKA-2,-726.60,CZK,D|ROB|HH,trans=443;balance=2477.72;bank=QR;counterparty=13943797
348,1417737600,BERKA-2,-726.60,CZK,D|ROB|HH,trans=444;balance=2379.82;bank=QR;counterparty=13943797
349,1420416000,BERKA-2,-726.60,CZK,D|ROB|HH,trans=445;balance=2564.76;bank=QR;counterparty=13943797
350,1423094400,BERKA-2,-726.60,CZK,D|ROB|HH,trans=446;balance=1314.88;bank=QR;counterparty=13943797
351,1425513600,BERKA-2,-726.60,CZK,D|ROB|HH,trans=447;balance=2084.16;bank=QR;counterparty=13943797
352,1428192000,BERKA-2,-726.60,CZK,D|ROB|HH,trans=448;balance=2635.91;bank=QR;counterparty=13943797
353,1430784000,BERKA-2,-726.60,CZK,D|ROB|HH,trans=449;balance=1866.22;bank=QR;counterparty=13943797
354,1433462400,BERKA-2,-726.60,CZK,D|ROB|HH,trans=450;balance=1576.71;bank=QR;counterparty=13943797
355,1436054400,BERKA-2,-726.60,CZK,D|ROB|HH,trans=451;balance=2933.90;bank=QR;counterparty=13943797
356,1438732800,BERKA-2,-726.60,CZK,D|ROB|HH,trans=452;balance=3068.34;bank=QR;counterparty=13943797
357,1441411200,BERKA-2,-726.60,CZK,D|ROB|HH,trans=453;balance=1401.59;bank=QR;counterparty=13943797
358,1444003200,BERKA-2,-726.60,CZK,D|ROB|HH,trans=454;balance=2210.83;bank=QR;counterparty=13943797
359,1446681600,BERKA-2,-726.60,CZK,D|ROB|HH,trans=455;balance=1957.69;bank=QR;counterparty=13943797
360,1449273600,BERKA-2,-726.60,CZK,D|ROB|HH,trans=456;balance=2779.29;bank=QR;counterparty=13943797
361,1451952000,BERKA-2,-726.60,CZK,D|ROB|HH,trans=457;balance=1655.61;bank=QR;counterparty=13943797
362,1454630400,BERKA-2,-726.60,CZK,D|ROB|HH,trans=458;balance=1551.16;bank=QR;counterparty=13943797
363,1457136000,BERKA-2,-726.60,CZK,D|ROB|HH,trans=459;balance=3090.24;bank=QR;counterparty=13943797
364,1459814400,BERKA-2,-726.60,CZK,D|ROB|HH,trans=460;balance=3144.41;bank=QR;counterparty=13943797
365,1462406400,BERKA-2,-726.60,CZK,D|ROB|HH,trans=461;balance=1562.16;bank=QR;counterparty=13943797
366,1465084800,BERKA-2,-726.60,CZK,D|ROB|HH,trans=462;balance=1402.58;bank=QR;counterparty=13943797
367,1467676800,BERKA-2,-726.60,CZK,D|ROB|HH,trans=463;balance=4476.41;bank=QR;counterparty=13943797
368,1470355200,BERKA-2,-726.60,CZK,D|ROB|HH,trans=464;balance=2787.57;bank=QR;counterparty=13943797
369,1473033600,BERKA-2,-726.60,CZK,D|ROB|HH,trans=465;balance=3749.90;bank=QR;counterparty=13943797
370,1475625600,BERKA-2,-726.60,CZK,D|ROB|HH,trans=466;balance=2537.39;bank=QR;counterparty=13943797
371,1478304000,BERKA-2,-726.60,CZK,D|ROB|HH,trans=467;balance=3830.07;bank=QR;counterparty=13943797
372,1480896000,BERKA-2,-726.60,CZK,D|ROB|HH,trans=468;balance=3864.80;bank=QR;counterparty=13943797
373,1483574400,BERKA-2,-726.60,CZK,D|ROB|HH,trans=469;balance=3202.49;bank=QR;counterparty=13943797
374,1486252800,BERKA-2,-726.60,CZK,D|ROB|HH,trans=470;balance=2863.71;bank=QR;counterparty=13943797
375,1488672000,BERKA-2,-726.60,CZK,D|ROB|HH,trans=471;balance=3174.34;bank=QR;counterparty=13943797
376,1491350400,BERKA-2,-726.60,CZK,D|ROB|HH,trans=472;balance=3794.72;bank=QR;counterparty=13943797
377,1493942400,BERKA-2,-726.60,CZK,D|ROB|HH,trans=473;balance=4620.39;bank=QR;counterparty=13943797
378,1496620800,BERKA-2,-726.60,CZK,D|ROB|HH,trans=474;balance=4654.80;bank=QR;counterparty=13943797
379,1499212800,BERKA-2,-726.60,CZK,D|ROB|HH,trans=475;balance=3037.96;bank=QR;counterparty=13943797
380,1501891200,BERKA-2,-726.60,CZK,D|ROB|HH,trans=476;balance=3630.69;bank=QR;counterparty=13943797
381,1504569600,BERKA-2,-726.60,CZK,D|ROB|HH,trans=477;balance=3557.96;bank=QR;counterparty=13943797
382,1507161600,BERKA-2,-726.60,CZK,D|ROB|HH,trans=478;balance=3502.63;bank=QR;counterparty=13943797
383,1509840000,BERKA-2,-726.60,CZK,D|ROB|HH,trans=479;balance=3447.89;bank=QR;counterparty=13943797
384,1512432000,BERKA-2,-726.60,CZK,D|ROB|HH,trans=480;balance=3182.89;bank=QR;counterparty=13943797
385,1515110400,BERKA-2,-726.60,CZK,D|ROB|HH,trans=481;balance=3640.96;bank=QR;counterparty=13943797
386,1517788800,BERKA-2,-726.60,CZK,D|ROB|HH,trans=482;balance=2051.57;bank=QR;counterparty=13943797
387,1520208000,BERKA-2,-726.60,CZK,D|ROB|HH,trans=483;balance=2951.04;bank=QR;counterparty=13943797
388,1522886400,BERKA-2,-726.60,CZK,D|ROB|HH,trans=484;balance=2359.13;bank=QR;counterparty=13943797
389,1525478400,BERKA-2,-726.60,CZK,D|ROB|HH,trans=485;balance=2289.24;bank=QR;counterparty=13943797
390,1528156800,BERKA-2,-726.60,CZK,D|ROB|HH,trans=486;balance=2950.17;bank=QR;counterparty=13943797
391,1530748800,BERKA-2,-726.60,CZK,D|ROB|HH,trans=487;balance=4127.56;bank=QR;counterparty=13943797
392,1533427200,BERKA-2,-726.60,CZK,D|ROB|HH,trans=488;balance=4304.79;bank=QR;counterparty=13943797
393,1536105600,BERKA-2,-726.60,CZK,D|ROB|HH,trans=489;balance=3559.97;bank=QR;counterparty=13943797
394,1538697600,BERKA-2,-726.60,CZK,D|ROB|HH,trans=490;balance=3674.95;bank=QR;counterparty=13943797
395,1541376000,BERKA-2,-726.60,CZK,D|ROB|HH,trans=491;balance=3879.91;bank=QR;counterparty=13943797
396,1543968000,BERKA-2,-726.60,CZK,D|ROB|HH,trans=492;balance=2751.73;bank=QR;counterparty=13943797
397,1377129600,BERKA-2,-2128.60,CZK,P|WIC,trans=493;balance=2785.29
398,1387584000,BERKA-2,-1339.60,CZK,P|WIC,trans=495;balance=3081.69
399,1374192000,BERKA-2,-1314.50,CZK,P|WIC,trans=497;balance=4918.05
400,1411171200,BERKA-2,-1204.10,CZK,P|WIC,trans=503;balance=2560.59
401,1445040000,BERKA-2,-933.60,CZK,P|WIC,trans=508;balance=2673.57
402,1429488000,BERKA-2,-601.10,CZK,P|WIC,trans=509;balance=3361.14
403,1435536000,BERKA-2,-367.20,CZK,P|WIC,trans=510;balance=3647.65
404,1430006400,BERKA-2,-269.60,CZK,P|WIC,trans=512;balance=3091.54
405,1430352000,BERKA-2,-511.90,CZK,P|WIC,trans=513;balance=2594.28
406,1439769600,BERKA-2,-1948.00,CZK,P|WIC,trans=514;balance=2116.67
407,1461628800,BERKA-2,-2274.50,CZK,P|WIC,trans=517;balance=2523.51
408,1474070400,BERKA-2,-1964.10,CZK,P|WIC,trans=519;balance=3249.40
409,1468886400,BERKA-2,-793.50,CZK,P|WIC,trans=521;balance=4866.51
410,1469404800,BERKA-2,-1370.90,CZK,P|WIC,trans=522;balance=3495.61
411,1464652800,BERKA-2,-847.70,CZK,P|WIC,trans=523;balance=2420.64
412,1495065600,BERKA-2,-273.60,CZK,P|WIC,trans=526;balance=5700.39
413,1503792000,BERKA-2,-516.60,CZK,P|WIC,trans=527;balance=4357.69
414,1489449600,BERKA-2,-552.40,CZK,P|WIC,trans=528;balance=4505.54
415,1534118400,BERKA-2,-419.80,CZK,P|WIC,trans=529;balance=5598.59
416,1521417600,BERKA-2,-1811.90,CZK,P|WIC,trans=532;balance=3162.74
417,1542585600,BERKA-2,-301.00,CZK,P|WIC,trans=533;balance=4722.51
418,1497398400,BERKA-2,-4200.00,CZK,D|WIC,trans=538;balance=2730.20
419,1421884800,BERKA-2,-510.00,CZK,D|WIC,trans=542;balance=2331.10
420,1451692800,BERKA-2,-990.00,CZK,D|WIC,trans=543;balance=2952.21
421,1516406400,BERKA-2,-1170.00,CZK,D|WIC,trans=545;balance=3034.56
422,1386633600,BERKA-2,-420.00,CZK,D|WIC,trans=546;balance=1685.89
423,1417910400,BERKA-2,-300.00,CZK,D|WIC,trans=547;balance=2079.82
424,1450483200,BERKA-2,-450.00,CZK,D|WIC,trans=548;balance=3927.42
425,1482278400,BERKA-2,-330.00,CZK,D|WIC,trans=549;balance=5320.20
426,1513641600,BERKA-2,-570.00,CZK,D|WIC,trans=550;balance=5648.29
427,1543708800,BERKA-2,-180.00,CZK,D|WIC,trans=551;balance=3478.33
428,1390003200,BERKA-2,-240.00,CZK,D|WIC,trans=560;balance=3293.79
429,1390089600,BERKA-2,-600.00,CZK,D|WIC,trans=561;balance=2693.79
430,1390694400,BERKA-2,-660.00,CZK,D|WIC,trans=562;balance=1993.79
431,1389484800,BERKA-2,-210.00,CZK,D|WIC,trans=563;balance=3871.06
432,1421020800,BERKA-2,-630.00,CZK,D|WIC,trans=565;balance=3958.36
433,1421107200,BERKA-2,-750.00,CZK,D|WIC,trans=566;balance=2871.10
434,1422576000,BERKA-2,-300.00,CZK,D|WIC,trans=569;balance=2031.10
435,1452556800,BERKA-2,-780.00,CZK,D|WIC,trans=574;balance=2919.21
436,1452902400,BERKA-2,-180.00,CZK,D|WIC,trans=575;balance=2739.21
437,1484179200,BERKA-2,-180.00,CZK,D|WIC,trans=576;balance=4526.09
438,1483920000,BERKA-2,-480.00,CZK,D|WIC,trans=577;balance=2682.49
439,1483228800,BERKA-2,-870.00,CZK,D|WIC,trans=578;balance=3929.09
440,1483228800,BERKA-2,-540.00,CZK,D|WIC,trans=580;balance=4799.09
441,1515542400,BERKA-2,-420.00,CZK,D|WIC,trans=583;balance=2510.96
442,1515369600,BERKA-2,-390.00,CZK,D|WIC,trans=584;balance=2930.96
443,1516233600,BERKA-2,-330.00,CZK,D|WIC,trans=586;balance=4204.56
444,1387411200,BERKA-2,-300.00,CZK,D|WIC,trans=590;balance=4421.29
445,1380153600,BERKA-2,-1020.00,CZK,D|WIC,trans=592;balance=2166.18
446,1419638400,BERKA-2,-570.00,CZK,D|WIC,trans=595;balance=3277.95
447,1403308800,BERKA-2,-690.00,CZK,D|WIC,trans=596;balance=3310.88
448,1404432000,BERKA-2,-360.00,CZK,D|WIC,trans=598;balance=2572.00
449,1400976000,BERKA-2,-840.00,CZK,D|WIC,trans=599;balance=2017.15
450,1408665600,BERKA-2,-240.00,CZK,D|WIC,trans=600;balance=3272.15
451,1416182400,BERKA-2,-870.00,CZK,D|WIC,trans=601;balance=3294.06
452,1400457600,BERKA-2,-930.00,CZK,D|WIC,trans=602;balance=3347.15
453,1424649600,BERKA-2,-270.00,CZK,D|WIC,trans=603;balance=2801.21
454,1432684800,BERKA-2,-1050.00,CZK,D|WIC,trans=607;balance=2292.55
455,1479168000,BERKA-2,-420.00,CZK,D|WIC,trans=608;balance=4933.67
456,1451779200,BERKA-2,-570.00,CZK,D|WIC,trans=610;balance=2382.21
457,1481587200,BERKA-2,-450.00,CZK,D|WIC,trans=611;balance=5650.20
458,1463011200,BERKA-2,-690.00,CZK,D|WIC,trans=612;balance=3565.76
459,1484179200,BERKA-2,-1350.00,CZK,D|WIC,trans=614;balance=3176.09
460,1502150400,BERKA-2,-450.00,CZK,D|WIC,trans=616;balance=3180.69
461,1486339200,BERKA-2,-360.00,CZK,D|WIC,trans=618;balance=2503.71
462,1544832000,BERKA-2,-870.00,CZK,D|WIC,trans=619;balance=4547.13
463,1542758400,BERKA-2,-600.00,CZK,D|WIC,trans=620;balance=4122.51
464,1541462400,BERKA-2,-450.00,CZK,D|WIC,trans=621;balance=3429.91
465,1545004800,BERKA-2,-300.00,CZK,D|WIC,trans=622;balance=4247.13
466,1534377600,BERKA-2,-1020.00,CZK,D|WIC,trans=623;balance=4578.59
467,1542326400,BERKA-2,-210.00,CZK,D|WIC,trans=624;balance=5023.51
468,1375228800,BERKA-2,-1.46,CZK,D|WIC|ST,trans=632;balance=3906.89
469,1377907200,BERKA-2,-1.46,CZK,D|WIC|ST,trans=633;balance=2699.18
470,1380499200,BERKA-2,-1.46,CZK,D|WIC|ST,trans=634;balance=2177.40
471,1383177600,BERKA-2,-1.46,CZK,D|WIC|ST,trans=635;balance=2783.04
472,1385769600,BERKA-2,-1.46,CZK,D|WIC|ST,trans=636;balance=3182.49
473,1388448000,BERKA-2,-1.46,CZK,D|WIC|ST,trans=637;balance=2784.06
474,1391126400,BERKA-2,-1.46,CZK,D|WIC|ST,trans=638;balance=2003.87
475,1393545600,BERKA-2,-1.46,CZK,D|WIC|ST,trans=639;balance=2622.96
476,1396224000,BERKA-2,-1.46,CZK,D|WIC|ST,trans=640;balance=3104.15
477,1398816000,BERKA-2,-1.46,CZK,D|WIC|ST,trans=641;balance=3317.42
478,1401494400,BERKA-2,-1.46,CZK,D|WIC|ST,trans=642;balance=2029.34
479,1404086400,BERKA-2,-1.46,CZK,D|WIC|ST,trans=643;balance=2932.00
480,1406764800,BERKA-2,-1.46,CZK,D|WIC|ST,trans=644;balance=3092.41
481,1409443200,BERKA-2,-1.46,CZK,D|WIC|ST,trans=645;balance=3284.95
482,1412035200,BERKA-2,-1.46,CZK,D|WIC|ST,trans=646;balance=2573.03
483,1414713600,BERKA-2,-1.46,CZK,D|WIC|ST,trans=647;balance=3204.32
484,1417305600,BERKA-2,-1.46,CZK,D|WIC|ST,trans=648;balance=3106.42
485,1419984000,BERKA-2,-1.46,CZK,D|WIC|ST,trans=649;balance=3291.36
486,1422662400,BERKA-2,-1.46,CZK,D|WIC|ST,trans=650;balance=2041.48
487,1425081600,BERKA-2,-1.46,CZK,D|WIC|ST,trans=651;balance=2810.76
488,1427760000,BERKA-2,-1.46,CZK,D|WIC|ST,trans=652;balance=3362.51
489,1430352000,BERKA-2,-1.46,CZK,D|WIC|ST,trans=653;balance=2592.82
490,1433030400,BERKA-2,-1.46,CZK,D|WIC|ST,trans=654;balance=2303.31
491,1435622400,BERKA-2,-1.46,CZK,D|WIC|ST,trans=655;balance=3660.50
492,1438300800,BERKA-2,-1.46,CZK,D|WIC|ST,trans=656;balance=3794.94
493,1440979200,BERKA-2,-1.46,CZK,D|WIC|ST,trans=657;balance=2128.19
494,1443571200,BERKA-2,-1.46,CZK,D|WIC|ST,trans=658;balance=2937.43
495,1446249600,BERKA-2,-1.46,CZK,D|WIC|ST,trans=659;balance=2684.29
496,1448841600,BERKA-2,-1.46,CZK,D|WIC|ST,trans=660;balance=3505.89
497,1451520000,BERKA-2,-1.46,CZK,D|WIC|ST,trans=661;balance=3942.21
498,1454198400,BERKA-2,-1.46,CZK,D|WIC|ST,trans=662;balance=2277.76
499,1456704000,BERKA-2,-1.46,CZK,D|WIC|ST,trans=663;balance=3816.84
500,1459382400,BERKA-2,-1.46,CZK,D|WIC|ST,trans=664;balance=3871.01
501,1461974400,BERKA-2,-1.46,CZK,D|WIC|ST,trans=665;balance=2288.76
502,1464652800,BERKA-2,-1.46,CZK,D|WIC|ST,trans=666;balance=2419.18
503,1467244800,BERKA-2,-1.46,CZK,D|WIC|ST,trans=667;balance=5203.01
504,1469923200,BERKA-2,-1.46,CZK,D|WIC|ST,trans=668;balance=3514.17
505,1472601600,BERKA-2,-1.46,CZK,D|WIC|ST,trans=669;balance=4476.50
506,1475193600,BERKA-2,-1.46,CZK,D|WIC|ST,trans=670;balance=3263.99
507,1477872000,BERKA-2,-1.46,CZK,D|WIC|ST,trans=671;balance=4556.67
508,1480464000,BERKA-2,-1.46,CZK,D|WIC|ST,trans=672;balance=4951.40
509,1483142400,BERKA-2,-1.46,CZK,D|WIC|ST,trans=673;balance=5339.09
510,1485820800,BERKA-2,-1.46,CZK,D|WIC|ST,trans=674;balance=2980.31
511,1488240000,BERKA-2,-1.46,CZK,D|WIC|ST,trans=675;balance=3900.94
512,1490918400,BERKA-2,-1.46,CZK,D|WIC|ST,trans=676;balance=4521.32
513,1493510400,BERKA-2,-1.46,CZK,D|WIC|ST,trans=677;balance=5346.99
514,1496188800,BERKA-2,-1.46,CZK,D|WIC|ST,trans=678;balance=5721.40
515,1498780800,BERKA-2,-1.46,CZK,D|WIC|ST,trans=679;balance=2744.56
516,1501459200,BERKA-2,-1.46,CZK,D|WIC|ST,trans=680;balance=4817.29
517,1504137600,BERKA-2,-1.46,CZK,D|WIC|ST,trans=681;balance=4374.56
518,1506729600,BERKA-2,-1.46,CZK,D|WIC|ST,trans=682;balance=5209.23
519,1509408000,BERKA-2,-1.46,CZK,D|WIC|ST,trans=683;balance=5164.49
520,1512000000,BERKA-2,-1.46,CZK,D|WIC|ST,trans=684;balance=5179.49
521,1514678400,BERKA-2,-1.46,CZK,D|WIC|ST,trans=685;balance=5387.56
522,1517356800,BERKA-2,-1.46,CZK,D|WIC|ST,trans=686;balance=3178.17
523,1519776000,BERKA-2,-1.46,CZK,D|WIC|ST,trans=687;balance=4087.64
524,1522454400,BERKA-2,-1.46,CZK,D|WIC|ST,trans=688;balance=2905.73
525,1525046400,BERKA-2,-1.46,CZK,D|WIC|ST,trans=689;balance=4055.84
526,1527724800,BERKA-2,-1.46,CZK,D|WIC|ST,trans=690;balance=3676.77
527,1530316800,BERKA-2,-1.46,CZK,D|WIC|ST,trans=691;balance=4854.16
528,1532995200,BERKA-2,-1.46,CZK,D|WIC|ST,trans=692;balance=5031.39
529,1535673600,BERKA-2,-1.46,CZK,D|WIC|ST,trans=693;balance=4286.57
530,1538265600,BERKA-2,-1.46,CZK,D|WIC|ST,trans=694;balance=4401.55
531,1540944000,BERKA-2,-1.46,CZK,D|WIC|ST,trans=695;balance=4606.51
532,1543536000,BERKA-2,-1.46,CZK,D|WIC|ST,trans=696;balance=3658.33
533,1364428800,BERKA-2,370.00,CZK,C|CIC,trans=697;balance=2503.60
534,1367020800,BERKA-2,-1100.00,CZK,D|WIC,trans=698;balance=3428.55
535,1369612800,BERKA-2,-1760.00,CZK,D|WIC,trans=699;balance=3703.09
536,1372204800,BERKA-2,-2240.00,CZK,D|WIC,trans=700;balance=4512.96
537,1374796800,BERKA-2,-1030.00,CZK,D|WIC,trans=701;balance=3888.05
538,1377388800,BERKA-2,-100.00,CZK,D|WIC,trans=702;balance=2685.29
539,1379980800,BERKA-2,-450.00,CZK,D|WIC,trans=703;balance=3186.18
540,1382572800,BERKA-2,-300.00,CZK,D|WIC,trans=704;balance=2774.40
541,1385164800,BERKA-2,-530.00,CZK,D|WIC,trans=705;balance=3170.04
542,1387756800,BERKA-2,-310.00,CZK,D|WIC,trans=706;balance=2771.69
543,1390348800,BERKA-2,-40.00,CZK,D|WIC,trans=707;balance=2653.79
544,1392940800,BERKA-2,-350.00,CZK,D|WIC,trans=708;balance=2613.60
545,1395532800,BERKA-2,-490.00,CZK,D|WIC,trans=709;balance=3092.69
546,1398124800,BERKA-2,-760.00,CZK,D|WIC,trans=710;balance=3303.89
547,1400716800,BERKA-2,-490.00,CZK,D|WIC,trans=711;balance=2857.15
548,1403308800,BERKA-2,-390.00,CZK,D|WIC,trans=712;balance=2920.88
549,1405900800,BERKA-2,-450.00,CZK,D|WIC,trans=713;balance=3081.73
550,1408492800,BERKA-2,-540.00,CZK,D|WIC,trans=714;balance=3512.15
551,1411084800,BERKA-2,-480.00,CZK,D|WIC,trans=715;balance=3764.69
552,1413676800,BERKA-2,-340.00,CZK,D|WIC,trans=716;balance=3192.76
553,1416268800,BERKA-2,-200.00,CZK,D|WIC,trans=717;balance=3094.06
554,1418860800,BERKA-2,-930.00,CZK,D|WIC,trans=718;balance=3847.95
555,1421452800,BERKA-2,-30.00,CZK,D|WIC,trans=719;balance=2841.10
556,1424044800,BERKA-2,70.00,CZK,C|CIC,trans=720;balance=3071.21
557,1426636800,BERKA-2,-420.00,CZK,D|WIC,trans=721;balance=3350.49
558,1429228800,BERKA-2,-360.00,CZK,D|WIC,trans=722;balance=3962.24
559,1431820800,BERKA-2,-210.00,CZK,D|WIC,trans=723;balance=3342.55
560,1434412800,BERKA-2,-260.00,CZK,D|WIC,trans=724;balance=4014.85
561,1437004800,BERKA-2,-840.00,CZK,D|WIC,trans=725;balance=3780.23
562,1439596800,BERKA-2,-690.00,CZK,D|WIC,trans=726;balance=4064.67
563,1442188800,BERKA-2,-160.00,CZK,D|WIC,trans=727;balance=2927.92
564,1444780800,BERKA-2,-290.00,CZK,D|WIC,trans=728;balance=3607.17
565,1447372800,BERKA-2,-150.00,CZK,D|WIC,trans=729;balance=3494.02
566,1449964800,BERKA-2,-1100.00,CZK,D|WIC,trans=730;balance=4377.42
567,1452556800,BERKA-2,20.00,CZK,C|CIC,trans=731;balance=1675.61
568,1455148800,BERKA-2,580.00,CZK,C|CIC,trans=732;balance=2131.16
569,1457740800,BERKA-2,-1040.00,CZK,D|WIC,trans=733;balance=4073.84
570,1460332800,BERKA-2,-370.00,CZK,D|WIC,trans=734;balance=2774.41
571,1462924800,BERKA-2,670.00,CZK,C|CIC,trans=735;balance=2232.16
572,1465516800,BERKA-2,750.00,CZK,C|CIC,trans=736;balance=2152.58
573,1468108800,BERKA-2,-540.00,CZK,D|WIC,trans=737;balance=3936.41
574,1470700800,BERKA-2,-30.00,CZK,D|WIC,trans=738;balance=2757.57
575,1473292800,BERKA-2,-280.00,CZK,D|WIC,trans=739;balance=3469.90
576,1475884800,BERKA-2,330.00,CZK,C|CIC,trans=740;balance=2867.39
577,1478476800,BERKA-2,-190.00,CZK,D|WIC,trans=741;balance=3640.07
578,1481068800,BERKA-2,-800.00,CZK,D|WIC,trans=742;balance=3064.80
579,1483660800,BERKA-2,-40.00,CZK,D|WIC,trans=743;balance=3162.49
580,1486252800,BERKA-2,610.00,CZK,C|CIC,trans=744;balance=3590.31
581,1488844800,BERKA-2,-140.00,CZK,D|WIC,trans=745;balance=3034.34
582,1491436800,BERKA-2,-180.00,CZK,D|WIC,trans=746;balance=3614.72
583,1494028800,BERKA-2,-360.00,CZK,D|WIC,trans=747;balance=4260.39
584,1496620800,BERKA-2,-760.00,CZK,D|WIC,trans=748;balance=3894.80
585,1499212800,BERKA-2,1020.00,CZK,C|CIC,trans=749;balance=3764.56
586,1501804800,BERKA-2,-460.00,CZK,D|WIC,trans=750;balance=4357.29
587,1504396800,BERKA-2,-135.00,CZK,D|WIC,trans=751;balance=4284.56-MOD
588,1506988800,BERKA-2,-980.00,CZK,D|WIC,trans=752;balance=4229.23
589,1509580800,BERKA-2,-990.00,CZK,D|WIC,trans=753;balance=4174.49
590,1512172800,BERKA-2,-1270.00,CZK,D|WIC,trans=754;balance=3909.49
591,1514764800,BERKA-2,-1020.00,CZK,D|WIC,trans=755;balance=4367.56
592,1517356800,BERKA-2,130.00,CZK,C|CIC,trans=756;balance=3164.56
593,1519948800,BERKA-2,-410.00,CZK,D|WIC,trans=757;balance=3677.64
594,1522540800,BERKA-2,180.00,CZK,C|CIC,trans=758;balance=3085.73
595,1525132800,BERKA-2,-680.00,CZK,D|WIC,trans=759;balance=3375.84
596,1527724800,BERKA-2,-650.00,CZK,D|WIC,trans=760;balance=3678.23
597,1530316800,BERKA-2,-800.00,CZK,D|WIC,trans=761;balance=4855.62
598,1532908800,BERKA-2,-940.00,CZK,D|WIC,trans=762;balance=5011.16
599,1535500800,BERKA-2,-310.00,CZK,D|WIC,trans=763;balance=4268.59
600,1538092800,BERKA-2,-720.00,CZK,D|WIC,trans=764;balance=4383.57
601,1540684800,BERKA-2,-790.00,CZK,D|WIC,trans=765;balance=4588.55
602,1543276800,BERKA-2,-480.00,CZK,D|WIC,trans=766;balance=3642.51
603,1499385600,BERKA-3,100.00,CZK,C|CIC,trans=837;balance=100.00
604,1499731200,BERKA-3,750.20,CZK,C|CIC,trans=844;balance=850.20
605,1502409600,BERKA-3,750.20,CZK,C|CIC,trans=845;balance=2382.80
606,1505088000,BERKA-3,750.20,CZK,C|CIC,trans=846;balance=2900.87
607,1507680000,BERKA-3,750.20,CZK,C|CIC,trans=847;balance=2972.43
608,1510358400,BERKA-3,750.20,CZK,C|CIC,trans=848;balance=2994.92
609,1512950400,BERKA-3,1125.30,CZK,C|CIC,trans=849;balance=2921.11
610,1515628800,BERKA-3,750.20,CZK,C|CIC,trans=850;balance=2073.04
611,1518307200,BERKA-3,750.20,CZK,C|CIC,trans=851;balance=1509.55
612,1520726400,BERKA-3,750.20,CZK,C|CIC,trans=852;balance=2323.88
613,1523404800,BERKA-3,750.20,CZK,C|CIC,trans=853;balance=2681.30
614,1525996800,BERKA-3,750.20,CZK,C|CIC,trans=854;balance=2548.10
615,1528675200,BERKA-3,1125.30,CZK,C|CIC,trans=855;balance=2741.98
616,1531267200,BERKA-3,750.20,CZK,C|CIC,trans=856;balance=3101.28
617,1533945600,BERKA-3,750.20,CZK,C|CIC,trans=857;balance=3412.24
618,1536624000,BERKA-3,750.20,CZK,C|CIC,trans=858;balance=3654.53
619,1539216000,BERKA-3,750.20,CZK,C|CIC,trans=859;balance=4107.88
620,1541894400,BERKA-3,750.20,CZK,C|CIC,trans=860;balance=4523.15
621,1544486400,BERKA-3,1125.30,CZK,C|CIC,trans=861;balance=5344.65
622,1512518400,BERKA-3,-113.50,CZK,D|ROB|HH,trans=873;balance=2182.41;bank=WX;counterparty=83084338
623,1515196800,BERKA-3,-113.50,CZK,D|ROB|HH,trans=874;balance=1841.44;bank=WX;counterparty=83084338
624,1517875200,BERKA-3,-113.50,CZK,D|ROB|HH,trans=875;balance=1145.95;bank=WX;counterparty=83084338
625,1520294400,BERKA-3,-113.50,CZK,D|ROB|HH,trans=876;balance=1960.28;bank=WX;counterparty=83084338
626,1522972800,BERKA-3,-113.50,CZK,D|ROB|HH,trans=877;balance=2317.70;bank=WX;counterparty=83084338
627,1525564800,BERKA-3,-113.50,CZK,D|ROB|HH,trans=878;balance=2184.50;bank=WX;counterparty=83084338
628,1528243200,BERKA-3,-113.50,CZK,D|ROB|HH,trans=879;balance=2003.28;bank=WX;counterparty=83084338
629,1530835200,BERKA-3,-113.50,CZK,D|ROB|HH,trans=880;balance=2737.68;bank=WX;counterparty=83084338
630,1533513600,BERKA-3,-113.50,CZK,D|ROB|HH,trans=881;balance=3048.64;bank=WX;counterparty=83084338
631,1536192000,BERKA-3,-113.50,CZK,D|ROB|HH,trans=882;balance=3290.93;bank=WX;counterparty=83084338
632,1538784000,BERKA-3,-113.50,CZK,D|ROB|HH,trans=883;balance=3744.28;bank=WX;counterparty=83084338
633,1541462400,BERKA-3,-113.50,CZK,D|ROB|HH,trans=884;balance=4159.55;bank=WX;counterparty=83084338
634,1544054400,BERKA-3,-113.50,CZK,D|ROB|HH,trans=885;balance=4605.95;bank=WX;counterparty=83084338
635,1512604800,BERKA-3,-32.70,CZK,D|ROB,trans=897;balance=2149.71;bank=CD;counterparty=24485939
636,1515283200,BERKA-3,-32.70,CZK,D|ROB,trans=898;balance=1808.74;bank=CD;counterparty=24485939
637,1517961600,BERKA-3,-32.70,CZK,D|ROB,trans=899;balance=1113.25;bank=CD;counterparty=24485939
638,1520380800,BERKA-3,-32.70,CZK,D|ROB,trans=900;balance=1927.58;bank=CD;counterparty=24485939
639,1523059200,BERKA-3,-32.70,CZK,D|ROB,trans=901;balance=2285.00;bank=CD;counterparty=24485939
640,1525651200,BERKA-3,-32.70,CZK,D|ROB,trans=902;balance=2151.80;bank=CD;counterparty=24485939
641,1528329600,BERKA-3,-32.70,CZK,D|ROB,trans=903;balance=1970.58;bank=CD;counterparty=24485939
642,1530921600,BERKA-3,-32.70,CZK,D|ROB,trans=904;balance=2704.98;bank=CD;counterparty=24485939
643,1533600000,BERKA-3,-32.70,CZK,D|ROB,trans=905;balance=3015.94;bank=CD;counterparty=24485939
644,1536278400,BERKA-3,-32.70,CZK,D|ROB,trans=906;balance=3258.23;bank=CD;counterparty=24485939
645,1538870400,BERKA-3,-32.70,CZK,D|ROB,trans=907;balance=3711.58;bank=CD;counterparty=24485939
646,1541548800,BERKA-3,-32.70,CZK,D|ROB,trans=908;balance=4126.85;bank=CD;counterparty=24485939
647,1544140800,BERKA-3,-32.70,CZK,D|ROB,trans=909;balance=4573.25;bank=CD;counterparty=24485939
648,1512777600,BERKA-3,-353.90,CZK,D|ROB|IN,trans=921;balance=1795.81;bank=AB;counterparty=59972357
649,1515456000,BERKA-3,-353.90,CZK,D|ROB|IN,trans=922;balance=1454.84;bank=AB;counterparty=59972357
650,1518134400,BERKA-3,-353.90,CZK,D|ROB|IN,trans=923;balance=759.35;bank=AB;counterparty=59972357
651,1520553600,BERKA-3,-353.90,CZK,D|ROB|IN,trans=924;balance=1573.68;bank=AB;counterparty=59972357
652,1523232000,BERKA-3,-353.90,CZK,D|ROB|IN,trans=925;balance=1931.10;bank=AB;counterparty=59972357
653,1525824000,BERKA-3,-353.90,CZK,D|ROB|IN,trans=926;balance=1797.90;bank=AB;counterparty=59972357
654,1528502400,BERKA-3,-353.90,CZK,D|ROB|IN,trans=927;balance=1616.68;bank=AB;counterparty=59972357
655,1531094400,BERKA-3,-353.90,CZK,D|ROB|IN,trans=928;balance=2351.08;bank=AB;counterparty=59972357
656,1533772800,BERKA-3,-353.90,CZK,D|ROB|IN,trans=929;balance=2662.04;bank=AB;counterparty=59972357
657,1536451200,BERKA-3,-353.90,CZK,D|ROB|IN,trans=930;balance=2904.33;bank=AB;counterparty=59972357
658,1539043200,BERKA-3,-353.90,CZK,D|ROB|IN,trans=931;balance=3357.68;bank=AB;counterparty=59972357
659,1541721600,BERKA-3,-353.90,CZK,D|ROB|IN,trans=932;balance=3772.95;bank=AB;counterparty=59972357
660,1544313600,BERKA-3,-353.90,CZK,D|ROB|IN,trans=933;balance=4219.35;bank=AB;counterparty=59972357
661,1514419200,BERKA-3,-256.00,CZK,D|WIC,trans=938;balance=2665.11
662,1545609600,BERKA-3,-256.00,CZK,D|WIC,trans=939;balance=5088.65
663,1517270400,BERKA-3,-276.00,CZK,D|WIC,trans=946;balance=1233.04
664,1515542400,BERKA-3,-132.00,CZK,D|WIC,trans=947;balance=1322.84
665,1517184000,BERKA-3,-228.00,CZK,D|WIC,trans=948;balance=1509.04
666,1516579200,BERKA-3,-336.00,CZK,D|WIC,trans=949;balance=1737.04
667,1515024000,BERKA-3,-156.00,CZK,D|WIC,trans=950;balance=1954.94
668,1514937600,BERKA-3,-204.00,CZK,D|WIC,trans=951;balance=2470.94
669,1512086400,BERKA-3,-240.00,CZK,D|WIC,trans=952;balance=2765.91
670,1524355200,BERKA-3,-312.00,CZK,D|WIC,trans=956;balance=2369.30
671,1541894400,BERKA-3,-240.00,CZK,D|WIC,trans=957;balance=4283.15
672,1512000000,BERKA-3,-1.46,CZK,D|WIC|ST,trans=969;balance=3005.91
673,1514678400,BERKA-3,-1.46,CZK,D|WIC|ST,trans=970;balance=2674.94
674,1517356800,BERKA-3,-1.46,CZK,D|WIC|ST,trans=971;balance=1239.45
675,1519776000,BERKA-3,-1.46,CZK,D|WIC|ST,trans=972;balance=1513.78
676,1522454400,BERKA-3,-1.46,CZK,D|WIC|ST,trans=973;balance=2331.20
677,1525046400,BERKA-3,-1.46,CZK,D|WIC|ST,trans=974;balance=2378.00
678,1527724800,BERKA-3,-1.46,CZK,D|WIC|ST,trans=975;balance=2556.78
679,1530316800,BERKA-3,-1.46,CZK,D|WIC|ST,trans=976;balance=2751.18
680,1532995200,BERKA-3,-1.46,CZK,D|WIC|ST,trans=977;balance=3112.14
681,1535673600,BERKA-3,-1.46,CZK,D|WIC|ST,trans=978;balance=3424.43
682,1538265600,BERKA-3,-1.46,CZK,D|WIC|ST,trans=979;balance=3857.78
683,1540944000,BERKA-3,-1.46,CZK,D|WIC|ST,trans=980;balance=4273.05
684,1543536000,BERKA-3,-1.46,CZK,D|WIC|ST,trans=981;balance=4719.45
685,1501977600,BERKA-3,780.00,CZK,C|CIC,trans=982;balance=1632.60
686,1504569600,BERKA-3,-240.00,CZK,D|WIC,trans=983;balance=2150.67
687,1507161600,BERKA-3,-690.00,CZK,D|WIC,trans=984;balance=2222.23
688,1509753600,BERKA-3,-740.00,CZK,D|WIC,trans=985;balance=2244.72
689,1512345600,BERKA-3,-470.00,CZK,D|WIC,trans=986;balance=2295.91
690,1514937600,BERKA-3,-360.00,CZK,D|WIC,trans=987;balance=2110.94
691,1517529600,BERKA-3,20.00,CZK,C|CIC,trans=988;balance=1259.45
692,1520121600,BERKA-3,560.00,CZK,C|CIC,trans=989;balance=2073.78
693,1522713600,BERKA-3,100.00,CZK,C|CIC,trans=990;balance=2431.20
694,1525305600,BERKA-3,-80.00,CZK,D|WIC,trans=991;balance=2298.00
695,1527897600,BERKA-3,-440.00,CZK,D|WIC,trans=992;balance=2116.78
696,1530489600,BERKA-3,100.00,CZK,C|CIC,trans=993;balance=2851.18
697,1533081600,BERKA-3,50.00,CZK,C|CIC,trans=994;balance=3162.14
698,1535673600,BERKA-3,-20.00,CZK,D|WIC,trans=995;balance=3404.43
699,1538265600,BERKA-3,190.00,CZK,C|CIC,trans=996;balance=3859.24
700,1540857600,BERKA-3,150.00,CZK,C|CIC,trans=997;balance=4257.88
701,1543449600,BERKA-3,420.00,CZK,C|CIC,trans=998;balance=4703.15
702,1456012800,BERKA-4,80.00,CZK,C|CIC,trans=1017;balance=80.00
703,1457654400,BERKA-4,555.30,CZK,C|COB|PE,trans=1020;balance=635.30;bank=UV;counterparty=89899795
704,1460332800,BERKA-4,555.30,CZK,C|COB|PE,trans=1021;balance=1190.60;bank=UV;counterparty=89899795
705,1462924800,BERKA-4,555.30,CZK,C|COB|PE,trans=1022;balance=1745.90;bank=UV;counterparty=89899795
706,1465603200,BERKA-4,555.30,CZK,C|COB|PE,trans=1023;balance=2301.20;bank=UV;counterparty=89899795
707,1468195200,BERKA-4,555.30,CZK,C|COB|PE,trans=1024;balance=2856.50;bank=UV;counterparty=89899795
708,1470873600,BERKA-4,555.30,CZK,C|COB|PE,trans=1025;balance=2890.70;bank=UV;counterparty=89899795
709,1473552000,BERKA-4,555.30,CZK,C|COB|PE,trans=1026;balance=2708.77;bank=UV;counterparty=89899795
710,1476144000,BERKA-4,555.30,CZK,C|COB|PE,trans=1027;balance=2606.20;bank=UV;counterparty=89899795
711,1478822400,BERKA-4,555.30,CZK,C|COB|PE,trans=1028;balance=2833.80;bank=UV;counterparty=89899795
712,1481414400,BERKA-4,555.30,CZK,C|COB|PE,trans=1029;balance=3062.35;bank=UV;counterparty=89899795
713,1484092800,BERKA-4,555.30,CZK,C|COB|PE,trans=1030;balance=2745.80;bank=UV;counterparty=89899795
714,1486771200,BERKA-4,555.30,CZK,C|COB|PE,trans=1031;balance=1945.22;bank=UV;counterparty=89899795
715,1489190400,BERKA-4,555.30,CZK,C|COB|PE,trans=1032;balance=2170.04;bank=UV;counterparty=89899795
716,1491868800,BERKA-4,555.30,CZK,C|COB|PE,trans=1033;balance=2219.45;bank=UV;counterparty=89899795
717,1494460800,BERKA-4,555.30,CZK,C|COB|PE,trans=1034;balance=2445.42;bank=UV;counterparty=89899795
718,1497139200,BERKA-4,555.30,CZK,C|COB|PE,trans=1035;balance=1915.20;bank=UV;counterparty=89899795
719,1499731200,BERKA-4,555.30,CZK,C|COB|PE,trans=1036;balance=2140.13;bank=UV;counterparty=89899795
720,1502409600,BERKA-4,555.30,CZK,C|COB|PE,trans=1037;balance=2365.78;bank=UV;counterparty=89899795
721,1505088000,BERKA-4,555.30,CZK,C|COB|PE,trans=1038;balance=2291.65;bank=UV;counterparty=89899795
722,1507680000,BERKA-4,555.30,CZK,C|COB|PE,trans=1039;balance=2327.89;bank=UV;counterparty=89899795
723,1510358400,BERKA-4,555.30,CZK,C|COB|PE,trans=1040;balance=2359.99;bank=UV;counterparty=89899795
724,1512950400,BERKA-4,555.30,CZK,C|COB|PE,trans=1041;balance=2586.43;bank=UV;counterparty=89899795
725,1515628800,BERKA-4,555.30,CZK,C|COB|PE,trans=1042;balance=2007.17;bank=UV;counterparty=89899795
726,1518307200,BERKA-4,555.30,CZK,C|COB|PE,trans=1043;balance=1669.11;bank=UV;counterparty=89899795
727,1520726400,BERKA-4,555.30,CZK,C|COB|PE,trans=1044;balance=1892.75;bank=UV;counterparty=89899795
728,1523404800,BERKA-4,555.30,CZK,C|COB|PE,trans=1045;balance=2117.35;bank=UV;counterparty=89899795
729,1525996800,BERKA-4,555.30,CZK,C|COB|PE,trans=1046;balance=2262.68;bank=UV;counterparty=89899795
730,1528675200,BERKA-4,555.30,CZK,C|COB|PE,trans=1047;balance=2432.82;bank=UV;counterparty=89899795
731,1531267200,BERKA-4,555.30,CZK,C|COB|PE,trans=1048;balance=2587.40;bank=UV;counterparty=89899795
732,1533945600,BERKA-4,555.30,CZK,C|COB|PE,trans=1049;balance=2630.69;bank=UV;counterparty=89899795
733,1536624000,BERKA-4,555.30,CZK,C|COB|PE,trans=1050;balance=2858.35;bank=UV;counterparty=89899795
734,1539216000,BERKA-4,555.30,CZK,C|COB|PE,trans=1051;balance=3086.94;bank=UV;counterparty=89899795
735,1541894400,BERKA-4,555.30,CZK,C|COB|PE,trans=1052;balance=3316.50;bank=UV;counterparty=89899795
736,1544486400,BERKA-4,555.30,CZK,C|COB|PE,trans=1053;balance=3487.00;bank=UV;counterparty=89899795
737,1470441600,BERKA-4,-207.80,CZK,D|ROB|HH,trans=1061;balance=2335.40;bank=UV;counterparty=26693541
738,1473120000,BERKA-4,-207.80,CZK,D|ROB|HH,trans=1062;balance=2153.47;bank=UV;counterparty=26693541
739,1475712000,BERKA-4,-207.80,CZK,D|ROB|HH,trans=1063;balance=2050.90;bank=UV;counterparty=26693541
740,1478390400,BERKA-4,-207.80,CZK,D|ROB|HH,trans=1064;balance=2278.50;bank=UV;counterparty=26693541
741,1480982400,BERKA-4,-207.80,CZK,D|ROB|HH,trans=1065;balance=2507.05;bank=UV;counterparty=26693541
742,1483660800,BERKA-4,-207.80,CZK,D|ROB|HH,trans=1066;balance=2230.50;bank=UV;counterparty=26693541
743,1486339200,BERKA-4,-207.80,CZK,D|ROB|HH,trans=1067;balance=1389.92;bank=UV;counterparty=26693541
744,1488758400,BERKA-4,-207.80,CZK,D|ROB|HH,trans=1068;balance=1614.74;bank=UV;counterparty=26693541
745,1491436800,BERKA-4,-207.80,CZK,D|ROB|HH,trans=1069;balance=1664.15;bank=UV;counterparty=26693541
746,1494028800,BERKA-4,-207.80,CZK,D|ROB|HH,trans=1070;balance=1890.12;bank=UV;counterparty=26693541
747,1496707200,BERKA-4,-207.80,CZK,D|ROB|HH,trans=1071;balance=1359.90;bank=UV;counterparty=26693541
748,1499299200,BERKA-4,-207.80,CZK,D|ROB|HH,trans=1072;balance=1584.83;bank=UV;counterparty=26693541
749,1501977600,BERKA-4,-207.80,CZK,D|ROB|HH,trans=1073;balance=1810.48;bank=UV;counterparty=26693541
750,1504656000,BERKA-4,-207.80,CZK,D|ROB|HH,trans=1074;balance=1736.35;bank=UV;counterparty=26693541
751,1507248000,BERKA-4,-207.80,CZK,D|ROB|HH,trans=1075;balance=1772.59;bank=UV;counterparty=26693541
752,1509926400,BERKA-4,-207.80,CZK,D|ROB|HH,trans=1076;balance=1868.69;bank=UV;counterparty=26693541
753,1512518400,BERKA-4,-207.80,CZK,D|ROB|HH,trans=1077;balance=2031.13;bank=UV;counterparty=26693541
754,1515196800,BERKA-4,-207.80,CZK,D|ROB|HH,trans=1078;balance=1779.87;bank=UV;counterparty=26693541
755,1517875200,BERKA-4,-207.80,CZK,D|ROB|HH,trans=1079;balance=1113.81;bank=UV;counterparty=26693541
756,1520294400,BERKA-4,-207.80,CZK,D|ROB|HH,trans=1080;balance=1337.45;bank=UV;counterparty=26693541
757,1522972800,BERKA-4,-207.80,CZK,D|ROB|HH,trans=1081;balance=1562.05;bank=UV;counterparty=26693541
758,1525564800,BERKA-4,-207.80,CZK,D|ROB|HH,trans=1082;balance=1707.38;bank=UV;counterparty=26693541
759,1528243200,BERKA-4,-207.80,CZK,D|ROB|HH,trans=1083;balance=1877.52;bank=UV;counterparty=26693541
760,1530835200,BERKA-4,-207.80,CZK,D|ROB|HH,trans=1084;balance=2032.10;bank=UV;counterparty=26693541
761,1533513600,BERKA-4,-207.80,CZK,D|ROB|HH,trans=1085;balance=2075.39;bank=UV;counterparty=26693541
762,1536192000,BERKA-4,-207.80,CZK,D|ROB|HH,trans=1086;balance=2303.05;bank=UV;counterparty=26693541
763,1538784000,BERKA-4,-207.80,CZK,D|ROB|HH,trans=1087;balance=2531.64;bank=UV;counterparty=26693541
764,1541462400,BERKA-4,-207.80,CZK,D|ROB|HH,trans=1088;balance=2761.20;bank=UV;counterparty=26693541
765,1544054400,BERKA-4,-207.80,CZK,D|ROB|HH,trans=1089;balance=2931.70;bank=UV;counterparty=26693541
766,1468368000,BERKA-4,-128.50,CZK,D|ROB,trans=1096;balance=2728.00;bank=UV;counterparty=5848086
767,1471046400,BERKA-4,-128.50,CZK,D|ROB,trans=1097;balance=2762.20;bank=UV;counterparty=5848086
768,1473724800,BERKA-4,-128.50,CZK,D|ROB,trans=1098;balance=2580.27;bank=UV;counterparty=5848086
769,1476316800,BERKA-4,-128.50,CZK,D|ROB,trans=1099;balance=2477.70;bank=UV;counterparty=5848086
770,1478995200,BERKA-4,-128.50,CZK,D|ROB,trans=1100;balance=2705.30;bank=UV;counterparty=5848086
771,1481587200,BERKA-4,-128.50,CZK,D|ROB,trans=1101;balance=2629.85;bank=UV;counterparty=5848086
772,1484265600,BERKA-4,-128.50,CZK,D|ROB,trans=1102;balance=2262.30;bank=UV;counterparty=5848086
773,1486944000,BERKA-4,-128.50,CZK,D|ROB,trans=1103;balance=1816.72;bank=UV;counterparty=5848086
774,1489363200,BERKA-4,-128.50,CZK,D|ROB,trans=1104;balance=2041.54;bank=UV;counterparty=5848086
775,1492041600,BERKA-4,-128.50,CZK,D|ROB,trans=1105;balance=2090.95;bank=UV;counterparty=5848086
776,1494633600,BERKA-4,-128.50,CZK,D|ROB,trans=1106;balance=2316.92;bank=UV;counterparty=5848086
777,1497312000,BERKA-4,-128.50,CZK,D|ROB,trans=1107;balance=1786.70;bank=UV;counterparty=5848086
778,1499904000,BERKA-4,-128.50,CZK,D|ROB,trans=1108;balance=2011.63;bank=UV;counterparty=5848086
779,1502582400,BERKA-4,-128.50,CZK,D|ROB,trans=1109;balance=2237.28;bank=UV;counterparty=5848086
780,1505260800,BERKA-4,-128.50,CZK,D|ROB,trans=1110;balance=2163.15;bank=UV;counterparty=5848086
781,1507852800,BERKA-4,-128.50,CZK,D|ROB,trans=1111;balance=2199.39;bank=UV;counterparty=5848086
782,1510531200,BERKA-4,-128.50,CZK,D|ROB,trans=1112;balance=2231.49;bank=UV;counterparty=5848086
783,1513123200,BERKA-4,-128.50,CZK,D|ROB,trans=1113;balance=2367.93;bank=UV;counterparty=5848086
784,1515801600,BERKA-4,-128.50,CZK,D|ROB,trans=1114;balance=1526.67;bank=UV;counterparty=5848086
785,1518480000,BERKA-4,-128.50,CZK,D|ROB,trans=1115;balance=1540.61;bank=UV;counterparty=5848086
786,1520899200,BERKA-4,-128.50,CZK,D|ROB,trans=1116;balance=1764.25;bank=UV;counterparty=5848086
787,1523577600,BERKA-4,-128.50,CZK,D|ROB,trans=1117;balance=1908.85;bank=UV;counterparty=5848086
788,1526169600,BERKA-4,-128.50,CZK,D|ROB,trans=1118;balance=2134.18;bank=UV;counterparty=5848086
789,1528848000,BERKA-4,-128.50,CZK,D|ROB,trans=1119;balance=2304.32;bank=UV;counterparty=5848086
790,1531440000,BERKA-4,-128.50,CZK,D|ROB,trans=1120;balance=2458.90;bank=UV;counterparty=5848086
791,1534118400,BERKA-4,-128.50,CZK,D|ROB,trans=1121;balance=2502.19;bank=UV;counterparty=5848086
792,1536796800,BERKA-4,-128.50,CZK,D|ROB,trans=1122;balance=2729.85;bank=UV;counterparty=5848086
793,1539388800,BERKA-4,-128.50,CZK,D|ROB,trans=1123;balance=2958.44;bank=UV;counterparty=5848086
794,1542067200,BERKA-4,-128.50,CZK,D|ROB,trans=1124;balance=3188.00;bank=UV;counterparty=5848086
795,1544659200,BERKA-4,-128.50,CZK,D|ROB,trans=1125;balance=3358.50;bank=UV;counterparty=5848086
796,1496361600,BERKA-4,-525.00,CZK,D|WIC,trans=1127;balance=1567.70
797,1484179200,BERKA-4,-355.00,CZK,D|WIC,trans=1130;balance=2390.80
798,1516406400,BERKA-4,-210.00,CZK,D|WIC,trans=1131;balance=1316.67
799,1482192000,BERKA-4,-145.00,CZK,D|WIC,trans=1132;balance=2484.85
800,1513900800,BERKA-4,-140.00,CZK,D|WIC,trans=1133;balance=1979.93
801,1543795200,BERKA-4,-60.00,CZK,D|WIC,trans=1134;balance=3139.50
802,1483920000,BERKA-4,-40.00,CZK,D|WIC,trans=1141;balance=2190.50
803,1485388800,BERKA-4,-152.00,CZK,D|WIC,trans=1142;balance=1910.30
804,1483228800,BERKA-4,-56.00,CZK,D|WIC,trans=1143;balance=2438.30
805,1485561600,BERKA-4,-136.00,CZK,D|WIC,trans=1144;balance=1590.30
806,1485475200,BERKA-4,-184.00,CZK,D|WIC,trans=1145;balance=1726.30
807,1484524800,BERKA-4,-200.00,CZK,D|WIC,trans=1146;balance=2062.30
808,1515283200,BERKA-4,-168.00,CZK,D|WIC,trans=1148;balance=1611.87
809,1515628800,BERKA-4,-232.00,CZK,D|WIC,trans=1149;balance=1775.17
810,1515369600,BERKA-4,-160.00,CZK,D|WIC,trans=1151;balance=1451.87
811,1515715200,BERKA-4,-120.00,CZK,D|WIC,trans=1152;balance=1655.17
812,1481500800,BERKA-4,-304.00,CZK,D|WIC,trans=1153;balance=2758.35
813,1509926400,BERKA-4,-64.00,CZK,D|WIC,trans=1155;balance=1804.69
814,1489622400,BERKA-4,-176.00,CZK,D|WIC,trans=1156;balance=1865.54
815,1513900800,BERKA-4,-248.00,CZK,D|WIC,trans=1157;balance=2119.93
816,1495929600,BERKA-4,-64.00,CZK,D|WIC,trans=1158;balance=2084.92
817,1495843200,BERKA-4,-168.00,CZK,D|WIC,trans=1159;balance=2148.92
818,1527984000,BERKA-4,-56.00,CZK,D|WIC,trans=1160;balance=2085.32
819,1529193600,BERKA-4,-72.00,CZK,D|WIC,trans=1161;balance=2232.32
820,1532390400,BERKA-4,-184.00,CZK,D|WIC,trans=1162;balance=2274.90
821,1469923200,BERKA-4,-1.46,CZK,D|WIC|ST,trans=1170;balance=2543.20
822,1472601600,BERKA-4,-1.46,CZK,D|WIC|ST,trans=1171;balance=2361.27
823,1475193600,BERKA-4,-1.46,CZK,D|WIC|ST,trans=1172;balance=2258.70
824,1477872000,BERKA-4,-1.46,CZK,D|WIC|ST,trans=1173;balance=2486.30
825,1480464000,BERKA-4,-1.46,CZK,D|WIC|ST,trans=1174;balance=2714.85
826,1483142400,BERKA-4,-1.46,CZK,D|WIC|ST,trans=1175;balance=2494.30
827,1485820800,BERKA-4,-1.46,CZK,D|WIC|ST,trans=1176;balance=1597.72
828,1488240000,BERKA-4,-1.46,CZK,D|WIC|ST,trans=1177;balance=1822.54
829,1490918400,BERKA-4,-1.46,CZK,D|WIC|ST,trans=1178;balance=1871.95
830,1493510400,BERKA-4,-1.46,CZK,D|WIC|ST,trans=1179;balance=2097.92
831,1496188800,BERKA-4,-1.46,CZK,D|WIC|ST,trans=1180;balance=2092.70
832,1498780800,BERKA-4,-1.46,CZK,D|WIC|ST,trans=1181;balance=1792.63
833,1501459200,BERKA-4,-1.46,CZK,D|WIC|ST,trans=1182;balance=2018.28
834,1504137600,BERKA-4,-1.46,CZK,D|WIC|ST,trans=1183;balance=1944.15
835,1506729600,BERKA-4,-1.46,CZK,D|WIC|ST,trans=1184;balance=1980.39
836,1509408000,BERKA-4,-1.46,CZK,D|WIC|ST,trans=1185;balance=2076.49
837,1512000000,BERKA-4,-1.46,CZK,D|WIC|ST,trans=1186;balance=2238.93
838,1514678400,BERKA-4,-1.46,CZK,D|WIC|ST,trans=1187;balance=1987.67
839,1517356800,BERKA-4,-1.46,CZK,D|WIC|ST,trans=1188;balance=1321.61
840,1519776000,BERKA-4,-1.46,CZK,D|WIC|ST,trans=1189;balance=1545.25
841,1522454400,BERKA-4,-1.46,CZK,D|WIC|ST,trans=1190;balance=1769.85
842,1525046400,BERKA-4,-1.46,CZK,D|WIC|ST,trans=1191;balance=1915.18
843,1527724800,BERKA-4,-1.46,CZK,D|WIC|ST,trans=1192;balance=2141.32
844,1530316800,BERKA-4,-1.46,CZK,D|WIC|ST,trans=1193;balance=2239.90
845,1532995200,BERKA-4,-1.46,CZK,D|WIC|ST,trans=1194;balance=2283.19
846,1535673600,BERKA-4,-1.46,CZK,D|WIC|ST,trans=1195;balance=2510.85
847,1538265600,BERKA-4,-1.46,CZK,D|WIC|ST,trans=1196;balance=2739.44
848,1540944000,BERKA-4,-1.46,CZK,D|WIC|ST,trans=1197;balance=2969.00
849,1543536000,BERKA-4,-1.46,CZK,D|WIC|ST,trans=1198;balance=3199.50
850,1468972800,BERKA-4,-190.00,CZK,D|WIC,trans=1199;balance=2538.00
851,1471564800,BERKA-4,-410.00,CZK,D|WIC,trans=1200;balance=2352.20
852,1474156800,BERKA-4,-330.00,CZK,D|WIC,trans=1201;balance=2250.27
853,1502668800,BERKA-4,-300.00,CZK,D|WIC,trans=1202;balance=1937.28
854,1505260800,BERKA-4,-190.00,CZK,D|WIC,trans=1203;balance=1973.15
855,1507852800,BERKA-4,-130.00,CZK,D|WIC,trans=1204;balance=2069.39
856,1513036800,BERKA-4,-90.00,CZK,D|WIC,trans=1205;balance=2496.43
857,1523404800,BERKA-4,-80.00,CZK,D|WIC,trans=1206;balance=2037.35
858,1496102400,BERKA-5,60.00,CZK,C|CIC,trans=1237;balance=60.00
859,1497312000,BERKA-5,501.70,CZK,C|COB|PE,trans=1243;balance=561.70;bank=KL;counterparty=66297393
860,1499904000,BERKA-5,501.70,CZK,C|COB|PE,trans=1244;balance=1063.40;bank=KL;counterparty=66297393
861,1502582400,BERKA-5,501.70,CZK,C|COB|PE,trans=1245;balance=1565.10;bank=KL;counterparty=66297393
862,1505260800,BERKA-5,501.70,CZK,C|COB|PE,trans=1246;balance=2066.80;bank=KL;counterparty=66297393
863,1507852800,BERKA-5,501.70,CZK,C|COB|PE,trans=1247;balance=2568.50;bank=KL;counterparty=66297393
864,1510531200,BERKA-5,501.70,CZK,C|COB|PE,trans=1248;balance=2802.28;bank=KL;counterparty=66297393
865,1513123200,BERKA-5,501.70,CZK,C|COB|PE,trans=1249;balance=2922.01;bank=KL;counterparty=66297393
866,1515801600,BERKA-5,501.70,CZK,C|COB|PE,trans=1250;balance=2575.00;bank=KL;counterparty=66297393
867,1518480000,BERKA-5,501.70,CZK,C|COB|PE,trans=1251;balance=2442.50;bank=KL;counterparty=66297393
868,1520899200,BERKA-5,501.70,CZK,C|COB|PE,trans=1252;balance=2685.70;bank=KL;counterparty=66297393
869,1523577600,BERKA-5,501.70,CZK,C|COB|PE,trans=1253;balance=2849.89;bank=KL;counterparty=66297393
870,1526169600,BERKA-5,501.70,CZK,C|COB|PE,trans=1254;balance=2874.62;bank=KL;counterparty=66297393
871,1528848000,BERKA-5,501.70,CZK,C|COB|PE,trans=1255;balance=2879.44;bank=KL;counterparty=66297393
872,1531440000,BERKA-5,501.70,CZK,C|COB|PE,trans=1256;balance=3044.40;bank=KL;counterparty=66297393
873,1534118400,BERKA-5,501.70,CZK,C|COB|PE,trans=1257;balance=2879.70;bank=KL;counterparty=66297393
874,1536796800,BERKA-5,501.70,CZK,C|COB|PE,trans=1258;balance=2614.14;bank=KL;counterparty=66297393
875,1539388800,BERKA-5,501.70,CZK,C|COB|PE,trans=1259;balance=2723.83;bank=KL;counterparty=66297393
876,1542067200,BERKA-5,501.70,CZK,C|COB|PE,trans=1260;balance=2968.23;bank=KL;counterparty=66297393
877,1544659200,BERKA-5,501.70,CZK,C|COB|PE,trans=1261;balance=3203.62;bank=KL;counterparty=66297393
878,1510099200,BERKA-5,-266.80,CZK,D|ROB|HH,trans=1272;balance=2300.58;bank=GH;counterparty=37390208
879,1512691200,BERKA-5,-266.80,CZK,D|ROB|HH,trans=1273;balance=2420.31;bank=GH;counterparty=37390208
880,1515369600,BERKA-5,-266.80,CZK,D|ROB|HH,trans=1274;balance=2153.30;bank=GH;counterparty=37390208
881,1518048000,BERKA-5,-266.80,CZK,D|ROB|HH,trans=1275;balance=1940.80;bank=GH;counterparty=37390208
882,1520467200,BERKA-5,-266.80,CZK,D|ROB|HH,trans=1276;balance=2184.00;bank=GH;counterparty=37390208
883,1523145600,BERKA-5,-266.80,CZK,D|ROB|HH,trans=1277;balance=2348.19;bank=GH;counterparty=37390208
884,1525737600,BERKA-5,-266.80,CZK,D|ROB|HH,trans=1278;balance=2372.92;bank=GH;counterparty=37390208
885,1528416000,BERKA-5,-266.80,CZK,D|ROB|HH,trans=1279;balance=2377.74;bank=GH;counterparty=37390208
886,1531008000,BERKA-5,-266.80,CZK,D|ROB|HH,trans=1280;balance=2542.70;bank=GH;counterparty=37390208
887,1533686400,BERKA-5,-266.80,CZK,D|ROB|HH,trans=1281;balance=2378.00;bank=GH;counterparty=37390208
888,1536364800,BERKA-5,-266.80,CZK,D|ROB|HH,trans=1282;balance=2112.44;bank=GH;counterparty=37390208
889,1538956800,BERKA-5,-266.80,CZK,D|ROB|HH,trans=1283;balance=2222.13;bank=GH;counterparty=37390208
890,1541635200,BERKA-5,-266.80,CZK,D|ROB|HH,trans=1284;balance=2466.53;bank=GH;counterparty=37390208
891,1544227200,BERKA-5,-266.80,CZK,D|ROB|HH,trans=1285;balance=2701.92;bank=GH;counterparty=37390208
892,1512432000,BERKA-5,-125.00,CZK,D|WIC,trans=1286;balance=2687.11
893,1545696000,BERKA-5,-85.00,CZK,D|WIC,trans=1287;balance=2796.62
894,1515628800,BERKA-5,-80.00,CZK,D|WIC,trans=1294;balance=2073.30
895,1516406400,BERKA-5,-224.00,CZK,D|WIC,trans=1295;balance=2351.00
896,1515283200,BERKA-5,-208.00,CZK,D|WIC,trans=1296;balance=2420.10
897,1516579200,BERKA-5,-72.00,CZK,D|WIC,trans=1297;balance=2279.00
898,1515283200,BERKA-5,-128.00,CZK,D|WIC,trans=1298;balance=2628.10
899,1517011200,BERKA-5,-80.00,CZK,D|WIC,trans=1299;balance=2199.00
900,1514073600,BERKA-5,-176.00,CZK,D|WIC,trans=1301;balance=2746.01
901,1545091200,BERKA-5,-152.00,CZK,D|WIC,trans=1305;balance=2891.62
902,1544832000,BERKA-5,-160.00,CZK,D|WIC,trans=1306;balance=3043.62
903,1537142400,BERKA-5,-104.00,CZK,D|WIC,trans=1307;balance=2510.14
904,1509408000,BERKA-5,-1.46,CZK,D|WIC|ST,trans=1318;balance=2567.38
905,1512000000,BERKA-5,-1.46,CZK,D|WIC|ST,trans=1319;balance=2812.11
906,1514678400,BERKA-5,-1.46,CZK,D|WIC|ST,trans=1320;balance=2756.10
907,1517356800,BERKA-5,-1.46,CZK,D|WIC|ST,trans=1321;balance=2207.60
908,1519776000,BERKA-5,-1.46,CZK,D|WIC|ST,trans=1322;balance=2450.80
909,1522454400,BERKA-5,-1.46,CZK,D|WIC|ST,trans=1323;balance=2614.99
910,1525046400,BERKA-5,-1.46,CZK,D|WIC|ST,trans=1324;balance=2639.72
911,1527724800,BERKA-5,-1.46,CZK,D|WIC|ST,trans=1325;balance=2644.54
912,1530316800,BERKA-5,-1.46,CZK,D|WIC|ST,trans=1326;balance=2809.50
913,1532995200,BERKA-5,-1.46,CZK,D|WIC|ST,trans=1327;balance=2644.80
914,1535673600,BERKA-5,-1.46,CZK,D|WIC|ST,trans=1328;balance=2379.24
915,1538265600,BERKA-5,-1.46,CZK,D|WIC|ST,trans=1329;balance=2488.93
916,1540944000,BERKA-5,-1.46,CZK,D|WIC|ST,trans=1330;balance=2733.33
917,1543536000,BERKA-5,-1.46,CZK,D|WIC|ST,trans=1331;balance=2968.72
918,1522022400,BERKA-5,-80.00,CZK,D|WIC,trans=1332;balance=2605.70
919,1524614400,BERKA-5,-220.00,CZK,D|WIC,trans=1333;balance=2629.89
920,1527206400,BERKA-5,-240.00,CZK,D|WIC,trans=1334;balance=2634.62
921,1529798400,BERKA-5,-80.00,CZK,D|WIC,trans=1335;balance=2799.44
922,1532390400,BERKA-5,-410.00,CZK,D|WIC,trans=1336;balance=2634.40
923,1534982400,BERKA-5,-510.00,CZK,D|WIC,trans=1337;balance=2369.70
924,1537574400,BERKA-5,-30.00,CZK,D|WIC,trans=1338;balance=2480.14
925,1542758400,BERKA-5,-10.00,CZK,D|WIC,trans=1339;balance=2958.23
926,1545350400,BERKA-5,-10.00,CZK,D|WIC,trans=1340;balance=2881.62
927,1411776000,BERKA-6,90.00,CZK,C|CIC,trans=1356;balance=90.00
928,1412985600,BERKA-6,666.90,CZK,C|COB|PE,trans=1366;balance=756.90;bank=OP;counterparty=150186
929,1415664000,BERKA-6,666.90,CZK,C|COB|PE,trans=1367;balance=1423.80;bank=OP;counterparty=150186
930,1418256000,BERKA-6,666.90,CZK,C|COB|PE,trans=1368;balance=2090.70;bank=OP;counterparty=150186
931,1420934400,BERKA-6,666.90,CZK,C|COB|PE,trans=1369;balance=2757.60;bank=OP;counterparty=150186
932,1423612800,BERKA-6,666.90,CZK,C|COB|PE,trans=1370;balance=3424.50;bank=OP;counterparty=150186
933,1426032000,BERKA-6,666.90,CZK,C|COB|PE,trans=1371;balance=3053.57;bank=OP;counterparty=150186
934,1428710400,BERKA-6,666.90,CZK,C|COB|PE,trans=1372;balance=3334.28;bank=OP;counterparty=150186
935,1431302400,BERKA-6,666.90,CZK,C|COB|PE,trans=1373;balance=3616.15;bank=OP;counterparty=150186
936,1433980800,BERKA-6,666.90,CZK,C|COB|PE,trans=1374;balance=3098.83;bank=OP;counterparty=150186
937,1436572800,BERKA-6,666.90,CZK,C|COB|PE,trans=1375;balance=3380.35;bank=OP;counterparty=150186
938,1439251200,BERKA-6,666.90,CZK,C|COB|PE,trans=1376;balance=3662.43;bank=OP;counterparty=150186
939,1441929600,BERKA-6,666.90,CZK,C|COB|PE,trans=1377;balance=3775.47;bank=OP;counterparty=150186
940,1444521600,BERKA-6,666.90,CZK,C|COB|PE,trans=1378;balance=4039.15;bank=OP;counterparty=150186
941,1447200000,BERKA-6,666.90,CZK,C|COB|PE,trans=1379;balance=3923.82;bank=OP;counterparty=150186
942,1449792000,BERKA-6,666.90,CZK,C|COB|PE,trans=1380;balance=3773.42;bank=OP;counterparty=150186
943,1452470400,BERKA-6,666.90,CZK,C|COB|PE,trans=1381;balance=3983.37;bank=OP;counterparty=150186
944,1455148800,BERKA-6,666.90,CZK,C|COB|PE,trans=1382;balance=3273.35;bank=OP;counterparty=150186
945,1457654400,BERKA-6,666.90,CZK,C|COB|PE,trans=1383;balance=3170.38;bank=OP;counterparty=150186
946,1460332800,BERKA-6,666.90,CZK,C|COB|PE,trans=1384;balance=3299.73;bank=OP;counterparty=150186
947,1462924800,BERKA-6,666.90,CZK,C|COB|PE,trans=1385;balance=3581.74;bank=OP;counterparty=150186
948,1465603200,BERKA-6,666.90,CZK,C|COB|PE,trans=1386;balance=2704.63;bank=OP;counterparty=150186
949,1468195200,BERKA-6,666.90,CZK,C|COB|PE,trans=1387;balance=2985.56;bank=OP;counterparty=150186
950,1470873600,BERKA-6,666.90,CZK,C|COB|PE,trans=1388;balance=3265.96;bank=OP;counterparty=150186
951,1473552000,BERKA-6,666.90,CZK,C|COB|PE,trans=1389;balance=3547.53;bank=OP;counterparty=150186
952,1476144000,BERKA-6,666.90,CZK,C|COB|PE,trans=1390;balance=3830.26;bank=OP;counterparty=150186
953,1478822400,BERKA-6,666.90,CZK,C|COB|PE,trans=1391;balance=3946.01;bank=OP;counterparty=150186
954,1481414400,BERKA-6,666.90,CZK,C|COB|PE,trans=1392;balance=3838.39;bank=OP;counterparty=150186
955,1484092800,BERKA-6,666.90,CZK,C|COB|PE,trans=1393;balance=3625.82;bank=OP;counterparty=150186
956,1486771200,BERKA-6,666.90,CZK,C|COB|PE,trans=1394;balance=3027.00;bank=OP;counterparty=150186
957,1489190400,BERKA-6,666.90,CZK,C|COB|PE,trans=1395;balance=3307.50;bank=OP;counterparty=150186
958,1491868800,BERKA-6,666.90,CZK,C|COB|PE,trans=1396;balance=3589.22;bank=OP;counterparty=150186
959,1494460800,BERKA-6,666.90,CZK,C|COB|PE,trans=1397;balance=3872.08;bank=OP;counterparty=150186
960,1497139200,BERKA-6,666.90,CZK,C|COB|PE,trans=1398;balance=4156.14;bank=OP;counterparty=150186
961,1499731200,BERKA-6,666.90,CZK,C|COB|PE,trans=1399;balance=4140.00;bank=OP;counterparty=150186
962,1502409600,BERKA-6,666.90,CZK,C|COB|PE,trans=1400;balance=3936.40;bank=OP;counterparty=150186
963,1505088000,BERKA-6,666.90,CZK,C|COB|PE,trans=1401;balance=4220.95;bank=OP;counterparty=150186
964,1507680000,BERKA-6,666.90,CZK,C|COB|PE,trans=1402;balance=4506.42;bank=OP;counterparty=150186
965,1510358400,BERKA-6,666.90,CZK,C|COB|PE,trans=1403;balance=4793.09;bank=OP;counterparty=150186
966,1512950400,BERKA-6,666.90,CZK,C|COB|PE,trans=1404;balance=4976.93;bank=OP;counterparty=150186
967,1515628800,BERKA-6,666.90,CZK,C|COB|PE,trans=1405;balance=4920.74;bank=OP;counterparty=150186
968,1518307200,BERKA-6,666.90,CZK,C|COB|PE,trans=1406;balance=4247.81;bank=OP;counterparty=150186
969,1520726400,BERKA-6,666.90,CZK,C|COB|PE,trans=1407;balance=4309.33;bank=OP;counterparty=150186
970,1523404800,BERKA-6,666.90,CZK,C|COB|PE,trans=1408;balance=4595.53;bank=OP;counterparty=150186
971,1525996800,BERKA-6,666.90,CZK,C|COB|PE,trans=1409;balance=4882.51;bank=OP;counterparty=150186
972,1528675200,BERKA-6,666.90,CZK,C|COB|PE,trans=1410;balance=4946.31;bank=OP;counterparty=150186
973,1531267200,BERKA-6,666.90,CZK,C|COB|PE,trans=1411;balance=4225.47;bank=OP;counterparty=150186
974,1533945600,BERKA-6,666.90,CZK,C|COB|PE,trans=1412;balance=4390.74;bank=OP;counterparty=150186
975,1536624000,BERKA-6,666.90,CZK,C|COB|PE,trans=1413;balance=4676.84;bank=OP;counterparty=150186
976,1539216000,BERKA-6,666.90,CZK,C|COB|PE,trans=1414;balance=4612.12;bank=OP;counterparty=150186
977,1541894400,BERKA-6,666.90,CZK,C|COB|PE,trans=1415;balance=4899.70;bank=OP;counterparty=150186
978,1544486400,BERKA-6,666.90,CZK,C|COB|PE,trans=1416;balance=5187.89;bank=OP;counterparty=150186
979,1423699200,BERKA-6,-395.40,CZK,D|ROB|HH,trans=1430;balance=3029.10;bank=AB;counterparty=44486999
980,1426118400,BERKA-6,-395.40,CZK,D|ROB|HH,trans=1431;balance=2658.17;bank=AB;counterparty=44486999
981,1428796800,BERKA-6,-395.40,CZK,D|ROB|HH,trans=1432;balance=2938.88;bank=AB;counterparty=44486999
982,1431388800,BERKA-6,-395.40,CZK,D|ROB|HH,trans=1433;balance=3220.75;bank=AB;counterparty=44486999
983,1434067200,BERKA-6,-395.40,CZK,D|ROB|HH,trans=1434;balance=2703.43;bank=AB;counterparty=44486999
984,1436659200,BERKA-6,-395.40,CZK,D|ROB|HH,trans=1435;balance=2984.95;bank=AB;counterparty=44486999
985,1439337600,BERKA-6,-395.40,CZK,D|ROB|HH,trans=1436;balance=3267.03;bank=AB;counterparty=44486999
986,1442016000,BERKA-6,-395.40,CZK,D|ROB|HH,trans=1437;balance=3380.07;bank=AB;counterparty=44486999
987,1444608000,BERKA-6,-395.40,CZK,D|ROB|HH,trans=1438;balance=3643.75;bank=AB;counterparty=44486999
988,1447286400,BERKA-6,-395.40,CZK,D|ROB|HH,trans=1439;balance=3528.42;bank=AB;counterparty=44486999
989,1449878400,BERKA-6,-395.40,CZK,D|ROB|HH,trans=1440;balance=3378.02;bank=AB;counterparty=44486999
990,1452556800,BERKA-6,-395.40,CZK,D|ROB|HH,trans=1441;balance=3459.97;bank=AB;counterparty=44486999
991,1455235200,BERKA-6,-395.40,CZK,D|ROB|HH,trans=1442;balance=2877.95;bank=AB;counterparty=44486999
992,1457740800,BERKA-6,-395.40,CZK,D|ROB|HH,trans=1443;balance=2774.98;bank=AB;counterparty=44486999
993,1460419200,BERKA-6,-395.40,CZK,D|ROB|HH,trans=1444;balance=2904.33;bank=AB;counterparty=44486999
994,1463011200,BERKA-6,-395.40,CZK,D|ROB|HH,trans=1445;balance=3186.34;bank=AB;counterparty=44486999
995,1465689600,BERKA-6,-395.40,CZK,D|ROB|HH,trans=1446;balance=2309.23;bank=AB;counterparty=44486999
996,1468281600,BERKA-6,-395.40,CZK,D|ROB|HH,trans=1447;balance=2590.16;bank=AB;counterparty=44486999
997,1470960000,BERKA-6,-395.40,CZK,D|ROB|HH,trans=1448;balance=2870.56;bank=AB;counterparty=44486999
998,1473638400,BERKA-6,-395.40,CZK,D|ROB|HH,trans=1449;balance=3152.13;bank=AB;counterparty=44486999
999,1476230400,BERKA-6,-395.40,CZK,D|ROB|HH,trans=1450;balance=3434.86;bank=AB;counterparty=44486999
1000,1478908800,BERKA-6,-395.40,CZK,D|ROB|HH,trans=1451;balance=3550.61;bank=AB;counterparty=44486999
